headers;"Код заказа";"Пневматическое присоединение, канал 1";"Пневматическое присоединение, канал 2";"Рабочее давление, МПа";"Рабочая среда";"Рабочая температура, °С";"Материал корпуса";"Материал уплотнений";Форма;price;stock
ZPGJ12-08;"Втулка под цанговый штуцер 12 мм";"Цанговый штуцер 8 мм";"0 … 1.0";"Сжатый воздух";"0 ... +60";Полимер;NBR;Прямой;107.31;"206 шт"
ZPMF08-02G;"Цанговый штуцер 8 мм";"G1/4 внутренняя";"0 … 1.0";"Сжатый воздух";"0 ... +60";Латунь;NBR;Прямой;339.16;"262 шт"
ZPH12-03G;"Цанговый штуцер 12 мм";G3/8;"0 … 1.0";"Сжатый воздух";"0 ... +60";Полимер;NBR;Угловой;271.20;"178 шт"
ZPH12-02G;"Цанговый штуцер 12 мм";G1/4;"0 … 1.0";"Сжатый воздух";"0 ... +60";Полимер;NBR;Угловой;271.20;"200 шт"
ZPH10-02G;"Цанговый штуцер 10 мм";G1/4;"0 … 1.0";"Сжатый воздух";"0 ... +60";Полимер;NBR;Угловой;226.54;"226 шт"
ZPH08-02G;"Цанговый штуцер 8 мм";G1/4;"0 … 1.0";"Сжатый воздух";"0 ... +60";Полимер;NBR;Угловой;194.82;"443 шт"
ZPH08-01G;"Цанговый штуцер 8 мм";G1/8;"0 … 1.0";"Сжатый воздух";"0 ... +60";Полимер;NBR;Угловой;181.23;"436 шт"
ZPWT16-03G;"Цанговый штуцер 16 мм";G3/8;"0 … 1.0";"Сжатый воздух";"0 ... +60";Полимер;NBR;Y-образный;452.43;"369 шт"
ZPWT12-04G;"Цанговый штуцер 12 мм";G1/2;"0 … 1.0";"Сжатый воздух";"0 ... +60";Полимер;NBR;Y-образный;220.71;"391 шт"
ZPWT04-01G;"Цанговый штуцер 4 мм";G1/8;"0 … 1.0";"Сжатый воздух";"0 ... +60";Полимер;NBR;Y-образный;107.31;"134 шт"
ZPB16-03G;"Цанговый штуцер 16 мм";G3/8;"0 … 1.0";"Сжатый воздух";"0 ... +60";Полимер;NBR;Т-образный;452.43;"216 шт"
ZPB16-02G;"Цанговый штуцер 16 мм";G1/2;"0 … 1.0";"Сжатый воздух";"0 ... +60";Полимер;NBR;Т-образный;455.02;"198 шт"
ZPB10-03G;"Цанговый штуцер 10 мм";G3/8;"0 … 1.0";"Сжатый воздух";"0 ... +60";Полимер;NBR;Т-образный;164.40;"512 шт"
ZPB08-03G;"Цанговый штуцер 8 мм";G3/8;"0 … 1.0";"Сжатый воздух";"0 ... +60";Полимер;NBR;Т-образный;155.99;"370 шт"
ZPB08-02G;"Цанговый штуцер 8 мм";G1/4;"0 … 1.0";"Сжатый воздух";"0 ... +60";Полимер;NBR;Т-образный;124.40;"80 шт"
ZPB08-01G;"Цанговый штуцер 8 мм";G1/8;"0 … 1.0";"Сжатый воздух";"0 ... +60";Полимер;NBR;Т-образный;124.40;"32 шт"
ZPB06-02G;"Цанговый штуцер 6 мм";G1/4;"0 … 1.0";"Сжатый воздух";"0 ... +60";Полимер;NBR;Т-образный;113.14;"321 шт"
ZPB06-01G;"Цанговый штуцер 6 мм";G1/8;"0 … 1.0";"Сжатый воздух";"0 ... +60";Полимер;NBR;Т-образный;113.14;"256 шт"
ZPB04-01G;"Цанговый штуцер 4 мм";G1/8;"0 … 1.0";"Сжатый воздух";"0 ... +60";Полимер;NBR;Т-образный;107.31;"240 шт"
ZPD06-01G;"Цанговый штуцер 6 мм";G1/8;"0 … 1.0";"Сжатый воздух";"0 ... +60";Полимер;NBR;Т-образный;113.14;"325 шт"
ZPLF06-01G;"Цанговый штуцер 6 мм";"G1/8 внутренняя";"0 … 1.0";"Сжатый воздух";"0 ... +60";Полимер;NBR;Угловой;98.77;"336 шт"
ZPLF04-01G;"Цанговый штуцер 4 мм";"G1/8 внутренняя";"0 … 1.0";"Сжатый воздух";"0 ... +60";Полимер;NBR;Угловой;98.77;"188 шт"
ZPLL12-02G;"Цанговый штуцер 12 мм";G1/4;"0 … 1.0";"Сжатый воздух";"0 ... +60";Полимер;NBR;Угловой;311.33;"28 шт"
ZPLL08-01G;"Цанговый штуцер 8 мм";G1/8;"0 … 1.0";"Сжатый воздух";"0 ... +60";Полимер;NBR;Угловой;115.86;"491 шт"
ZPL14-03G;"Цанговый штуцер 14 мм";G3/8;"0 … 1.0";"Сжатый воздух";"0 ... +60";Полимер;NBR;Угловой;353.40;"249 шт"
ZPL12-04G;"Цанговый штуцер 12 мм";G1/2;"0 … 1.0";"Сжатый воздух";"0 ... +60";Полимер;NBR;Угловой;175.41;"429 шт"
ZPL12-03G;"Цанговый штуцер 12 мм";G3/8;"0 … 1.0";"Сжатый воздух";"0 ... +60";Полимер;NBR;Угловой;155.99;"856 шт"
ZPL10-04G;"Цанговый штуцер 10 мм";G1/2;"0 … 1.0";"Сжатый воздух";"0 ... +60";Полимер;NBR;Угловой;158.58;"437 шт"
ZPL10-03G;"Цанговый штуцер 10 мм";G3/8;"0 … 1.0";"Сжатый воздух";"0 ... +60";Полимер;NBR;Угловой;118.58;"304 шт"
ZPL10-02G;"Цанговый штуцер 10 мм";G1/4;"0 … 1.0";"Сжатый воздух";"0 ... +60";Полимер;NBR;Угловой;113.14;"1034 шт"
ZPL10-01G;"Цанговый штуцер 10 мм";G1/8;"0 … 1.0";"Сжатый воздух";"0 ... +60";Полимер;NBR;Угловой;110.03;"225 шт"
ZPL08-04G;"Цанговый штуцер 8 мм";G1/2;"0 … 1.0";"Сжатый воздух";"0 ... +60";Полимер;NBR;Угловой;146.93;"107 шт"
ZPL08-03G;"Цанговый штуцер 8 мм";G3/8;"0 … 1.0";"Сжатый воздух";"0 ... +60";Полимер;NBR;Угловой;104.60;"720 шт"
ZPL08-02G;"Цанговый штуцер 8 мм";G1/4;"0 … 1.0";"Сжатый воздух";"0 ... +60";Полимер;NBR;Угловой;84.79;"1489 шт"
ZPL08-01G;"Цанговый штуцер 8 мм";G1/8;"0 … 1.0";"Сжатый воздух";"0 ... +60";Полимер;NBR;Угловой;79.35;"1811 шт"
ZPL06-04G;"Цанговый штуцер 6 мм";G1/2;"0 … 1.0";"Сжатый воздух";"0 ... +60";Полимер;NBR;Угловой;146.93;"244 шт"
ZPL06-02G;"Цанговый штуцер 6 мм";G1/4;"0 … 1.0";"Сжатый воздух";"0 ... +60";Полимер;NBR;Угловой;76.25;"1384 шт"
ZPL06-01G;"Цанговый штуцер 6 мм";G1/8;"0 … 1.0";"Сжатый воздух";"0 ... +60";Полимер;NBR;Угловой;64.98;"1362 шт"
ZPL04-02G;"Цанговый штуцер 4 мм";G1/4;"0 … 1.0";"Сжатый воздух";"0 ... +60";Полимер;NBR;Угловой;70.81;"1351 шт"
ZPCF10-04G;"Цанговый штуцер 10 мм";"G1/2 внутренняя";"0 … 1.0";"Сжатый воздух";"0 ... +60";Латунь;NBR;Прямой;189.65;"254 шт"
ZPCF10-02G;"Цанговый штуцер 10 мм";"G1/4 внутренняя";"0 … 1.0";"Сжатый воздух";"0 ... +60";Латунь;NBR;Прямой;118.58;"135 шт"
ZPCF10-01G;"Цанговый штуцер 10 мм";"G1/8 внутренняя";"0 … 1.0";"Сжатый воздух";"0 ... +60";Латунь;NBR;Прямой;118.58;"246 шт"
ZPCF08-02G;"Цанговый штуцер 8 мм";"G1/4 внутренняя";"0 … 1.0";"Сжатый воздух";"0 ... +60";Латунь;NBR;Прямой;113.14;"596 шт"
ZPCF08-01G;"Цанговый штуцер 8 мм";"G1/8 внутренняя";"0 … 1.0";"Сжатый воздух";"0 ... +60";Латунь;NBR;Прямой;79.35;"88 шт"
ZPCF06-01G;"Цанговый штуцер 6 мм";"G1/8 внутренняя";"0 … 1.0";"Сжатый воздух";"0 ... +60";Латунь;NBR;Прямой;79.35;"87 шт"
ZPCF04-01G;"Цанговый штуцер 4 мм";"G1/8 внутренняя";"0 … 1.0";"Сжатый воздух";"0 ... +60";Латунь;NBR;Прямой;79.35;"290 шт"
ZPOC12-02G;"Цанговый штуцер 12 мм";G1/4;"0 … 1.0";"Сжатый воздух";"0 ... +60";Латунь;NBR;Прямой;133.33;"183 шт"
ZPOC08-01G;"Цанговый штуцер 8 мм";G1/8;"0 … 1.0";"Сжатый воздух";"0 ... +60";Латунь;NBR;Прямой;73.53;"882 шт"
ZPC16-04G;"Цанговый штуцер 16 мм";G1/2;"0 … 1.0";"Сжатый воздух";"0 ... +60";Латунь;NBR;Прямой;271.20;"329 шт"
ZPC16-03G;"Цанговый штуцер 16 мм";G3/8;"0 … 1.0";"Сжатый воздух";"0 ... +60";Латунь;NBR;Прямой;271.20;"214 шт"
ZPC14-04G;"Цанговый штуцер 14 мм";G1/2;"0 … 1.0";"Сжатый воздух";"0 ... +60";Латунь;NBR;Прямой;249.19;"154 шт"
ZPC12-04G;"Цанговый штуцер 12 мм";G1/2;"0 … 1.0";"Сжатый воздух";"0 ... +60";Латунь;NBR;Прямой;164.40;"640 шт"
ZPC12-03G;"Цанговый штуцер 12 мм";G3/8;"0 … 1.0";"Сжатый воздух";"0 ... +60";Латунь;NBR;Прямой;138.51;"442 шт"
ZPC12-02G;"Цанговый штуцер 12 мм";G1/4;"0 … 1.0";"Сжатый воздух";"0 ... +60";Латунь;NBR;Прямой;138.51;"1289 шт"
ZPC12-01G;"Цанговый штуцер 12 мм";G1/8;"0 … 1.0";"Сжатый воздух";"0 ... +60";Латунь;NBR;Прямой;135.92;"225 шт"
ZPC10-03G;"Цанговый штуцер 10 мм";G3/8;"0 … 1.0";"Сжатый воздух";"0 ... +60";Латунь;NBR;Прямой;104.60;"678 шт"
ZPC10-02G;"Цанговый штуцер 10 мм";G1/4;"0 … 1.0";"Сжатый воздух";"0 ... +60";Латунь;NBR;Прямой;107.31;"1707 шт"
ZPC08-04G;"Цанговый штуцер 8 мм";G1/2;"0 … 1.0";"Сжатый воздух";"0 ... +60";Латунь;NBR;Прямой;138.51;"1695 шт"
ZPC08-03G;"Цанговый штуцер 8 мм";G3/8;"0 … 1.0";"Сжатый воздух";"0 ... +60";Латунь;NBR;Прямой;84.79;"257 шт"
ZPC08-02G;"Цанговый штуцер 8 мм";G1/4;"0 … 1.0";"Сжатый воздух";"0 ... +60";Латунь;NBR;Прямой;67.57;"173 шт"
ZPC08-01G;"Цанговый штуцер 8 мм";G1/8;"0 … 1.0";"Сжатый воздух";"0 ... +60";Латунь;NBR;Прямой;70.81;"1712 шт"
ZPC06-02G;"Цанговый штуцер 6 мм";G1/4;"0 … 1.0";"Сжатый воздух";"0 ... +60";Латунь;NBR;Прямой;73.53;"1774 шт"
ZPC06-01G;"Цанговый штуцер 6 мм";G1/8;"0 … 1.0";"Сжатый воздух";"0 ... +60";Латунь;NBR;Прямой;53.72;"494 шт"
ZPLF06-02G;"Цанговый штуцер 6 мм";"G1/4 внутренняя";"0 … 1.0";"Сжатый воздух";"0 ... +60";Полимер;NBR;Угловой;118.58;"57 шт"
ZPC08-01P;"Цанговый штуцер 8 мм";R1/8;"0 … 1.0";"Сжатый воздух";"0 ... +60";Латунь;NBR;Прямой;64.98;"3198 шт"
ZPE08;"Цанговый штуцер 8 мм";"Цанговый штуцер 8 мм";"0 … 1.0";"Сжатый воздух";"0 ... +60";Полимер;NBR;Т-образный;62.27;"1853 шт"
ZPE06;"Цанговый штуцер 6 мм";"Цанговый штуцер 6 мм";"0 … 1.0";"Сжатый воздух";"0 ... +60";Полимер;NBR;Т-образный;59.55;"3540 шт"
ZPC08-02P;"Цанговый штуцер 8 мм";R1/4;"0 … 1.0";"Сжатый воздух";"0 ... +60";Латунь;NBR;Прямой;64.98;"2894 шт"
ZPK10;"Цанговый штуцер 10 мм";"Цанговый штуцер 10 мм";"0 … 1.0";"Сжатый воздух";"0 ... +60";Полимер;NBR;Многоотводный;206.47;"117 шт"
ZPP10;"Втулка под цанговый штуцер 4 мм";-;"0 … 1.0";"Сжатый воздух";"0 ... +60";Полимер;NBR;Заглушка;45.57;"288 шт"
ZPP08;"Втулка под цанговый штуцер 4 мм";-;"0 … 1.0";"Сжатый воздух";"0 ... +60";Полимер;NBR;Заглушка;33.79;"447 шт"
ZPP06;"Втулка под цанговый штуцер 4 мм";-;"0 … 1.0";"Сжатый воздух";"0 ... +60";Полимер;NBR;Заглушка;28.48;"1071 шт"
ZPZA08;"Цанговый штуцер 8 мм";-;"0 … 1.0";"Сжатый воздух";"0 ... +60";Полимер;NBR;X-образный;115.86;"877 шт"
ZPM10;"Цанговый штуцер 10 мм";"Цанговый штуцер 10 мм";"0 … 1.0";"Сжатый воздух";"0 ... +60";Латунь;NBR;Прямой;187.06;"392 шт"
ZPM08;"Цанговый штуцер 8 мм";"Цанговый штуцер 8 мм";"0 … 1.0";"Сжатый воздух";"0 ... +60";Латунь;NBR;Прямой;155.99;"1101 шт"
ZPM06;"Цанговый штуцер 6 мм";"Цанговый штуцер 6 мм";"0 … 1.0";"Сжатый воздух";"0 ... +60";Латунь;NBR;Прямой;121.68;"689 шт"
ZPU16;"Цанговый штуцер 16 мм";"Цанговый штуцер 16 мм";"0 … 1.0";"Сжатый воздух";"0 ... +60";Полимер;NBR;Прямой;178;"111 шт"
ZPU14;"Цанговый штуцер 14 мм";"Цанговый штуцер 14 мм";"0 … 1.0";"Сжатый воздух";"0 ... +60";Полимер;NBR;Прямой;172.82;"204 шт"
ZPU12;"Цанговый штуцер 12 мм";"Цанговый штуцер 12 мм";"0 … 1.0";"Сжатый воздух";"0 ... +60";Полимер;NBR;Прямой;79.35;"959 шт"
ZPU10;"Цанговый штуцер 10 мм";"Цанговый штуцер 10 мм";"0 … 1.0";"Сжатый воздух";"0 ... +60";Полимер;NBR;Прямой;67.57;"824 шт"
ZPU08;"Цанговый штуцер 8 мм";"Цанговый штуцер 8 мм";"0 … 1.0";"Сжатый воздух";"0 ... +60";Полимер;NBR;Прямой;51;"1539 шт"
ZPU06;"Цанговый штуцер 6 мм";"Цанговый штуцер 6 мм";"0 … 1.0";"Сжатый воздух";"0 ... +60";Полимер;NBR;Прямой;45.57;"0 шт"
ZPU04;"Цанговый штуцер 4 мм";"Цанговый штуцер 4 мм";"0 … 1.0";"Сжатый воздух";"0 ... +60";Полимер;NBR;Прямой;42.46;"1474 шт"
ZPV16;"Цанговый штуцер 16 мм";"Цанговый штуцер 16 мм";"0 … 1.0";"Сжатый воздух";"0 ... +60";Полимер;NBR;Угловой;286.09;"74 шт"
ZPV14;"Цанговый штуцер 14 мм";"Цанговый штуцер 14 мм";"0 … 1.0";"Сжатый воздух";"0 ... +60";Полимер;NBR;Угловой;265.37;"521 шт"
ZPV12;"Цанговый штуцер 12 мм";"Цанговый штуцер 12 мм";"0 … 1.0";"Сжатый воздух";"0 ... +60";Полимер;NBR;Угловой;96.05;"547 шт"
ZPV10;"Цанговый штуцер 10 мм";"Цанговый штуцер 10 мм";"0 … 1.0";"Сжатый воздух";"0 ... +60";Полимер;NBR;Угловой;81.55;"376 шт"
ZPV08;"Цанговый штуцер 8 мм";"Цанговый штуцер 8 мм";"0 … 1.0";"Сжатый воздух";"0 ... +60";Полимер;NBR;Угловой;51;"1680 шт"
ZPV06;"Цанговый штуцер 6 мм";"Цанговый штуцер 6 мм";"0 … 1.0";"Сжатый воздух";"0 ... +60";Полимер;NBR;Угловой;45.57;"288 шт"
ZPE16;"Цанговый штуцер 16 мм";"Цанговый штуцер 16 мм";"0 … 1.0";"Сжатый воздух";"0 ... +60";Полимер;NBR;Т-образный;324.92;"270 шт"
ZPE12;"Цанговый штуцер 12 мм";"Цанговый штуцер 12 мм";"0 … 1.0";"Сжатый воздух";"0 ... +60";Полимер;NBR;Т-образный;101.88;"508 шт"
ZPE10;"Цанговый штуцер 10 мм";"Цанговый штуцер 10 мм";"0 … 1.0";"Сжатый воздух";"0 ... +60";Полимер;NBR;Т-образный;87.90;"1171 шт"
ZPE04;"Цанговый штуцер 4 мм";"Цанговый штуцер 4 мм";"0 … 1.0";"Сжатый воздух";"0 ... +60";Полимер;NBR;Т-образный;56.31;"599 шт"
ZPY16;"Цанговый штуцер 16 мм";"Цанговый штуцер 16 мм";"0 … 1.0";"Сжатый воздух";"0 ... +60";Полимер;NBR;Y-образный;286.09;"468 шт"
ZPY14;"Цанговый штуцер 14 мм";"Цанговый штуцер 14 мм";"0 … 1.0";"Сжатый воздух";"0 ... +60";Полимер;NBR;Y-образный;237.54;"306 шт"
ZPY12;"Цанговый штуцер 12 мм";"Цанговый штуцер 12 мм";"0 … 1.0";"Сжатый воздух";"0 ... +60";Полимер;NBR;Y-образный;101.88;"790 шт"
ZPY10;"Цанговый штуцер 10 мм";"Цанговый штуцер 10 мм";"0 … 1.0";"Сжатый воздух";"0 ... +60";Полимер;NBR;Y-образный;87.90;"941 шт"
ZPY08;"Цанговый штуцер 8 мм";"Цанговый штуцер 8 мм";"0 … 1.0";"Сжатый воздух";"0 ... +60";Полимер;NBR;Y-образный;62.27;"1694 шт"
ZPY04;"Цанговый штуцер 4 мм";"Цанговый штуцер 4 мм";"0 … 1.0";"Сжатый воздух";"0 ... +60";Полимер;NBR;Y-образный;56.31;"653 шт"
ZPW12-10;"Цанговый штуцер 12 мм";"Цанговый штуцер 10 мм";"0 … 1.0";"Сжатый воздух";"0 ... +60";Полимер;NBR;Y-образный;130.75;"771 шт"
ZPW10-08;"Цанговый штуцер 10 мм";"Цанговый штуцер 8 мм";"0 … 1.0";"Сжатый воздух";"0 ... +60";Полимер;NBR;Y-образный;107.31;"508 шт"
ZPW08-06;"Цанговый штуцер 8 мм";"Цанговый штуцер 6 мм";"0 … 1.0";"Сжатый воздух";"0 ... +60";Полимер;NBR;Y-образный;90.10;"475 шт"
ZPW06-04;"Цанговый штуцер 6 мм";"Цанговый штуцер 4 мм";"0 … 1.0";"Сжатый воздух";"0 ... +60";Полимер;NBR;Y-образный;90.10;"622 шт"
ZPG16-12;"Цанговый штуцер 16 мм";"Цанговый штуцер 12 мм";"0 … 1.0";"Сжатый воздух";"0 ... +60";Полимер;NBR;Прямой;169.58;"519 шт"
ZPG14-12;"Цанговый штуцер 14 мм";"Цанговый штуцер 12 мм";"0 … 1.0";"Сжатый воздух";"0 ... +60";Полимер;NBR;Прямой;172.82;"465 шт"
ZPG12-10;"Цанговый штуцер 12 мм";"Цанговый штуцер 10 мм";"0 … 1.0";"Сжатый воздух";"0 ... +60";Полимер;NBR;Прямой;76.25;"841 шт"
ZPG10-08;"Цанговый штуцер 10 мм";"Цанговый штуцер 8 мм";"0 … 1.0";"Сжатый воздух";"0 ... +60";Полимер;NBR;Прямой;64.98;"1950 шт"
ZPG10-06;"Цанговый штуцер 10 мм";"Цанговый штуцер 6 мм";"0 … 1.0";"Сжатый воздух";"0 ... +60";Полимер;NBR;Прямой;64.98;"1027 шт"
ZPG08-06;"Цанговый штуцер 8 мм";"Цанговый штуцер 6 мм";"0 … 1.0";"Сжатый воздух";"0 ... +60";Полимер;NBR;Прямой;53.72;"1063 шт"
ZPG06-04;"Цанговый штуцер 6 мм";"Цанговый штуцер 4 мм";"0 … 1.0";"Сжатый воздух";"0 ... +60";Полимер;NBR;Прямой;47.77;"803 шт"
ZPEW10-08;"Цанговый штуцер 10 мм";"Цанговый штуцер 8 мм";"0 … 1.0";"Сжатый воздух";"0 ... +60";Полимер;NBR;Т-образный;96.05;"218 шт"
ZPEW10-06;"Цанговый штуцер 10 мм";"Цанговый штуцер 6 мм";"0 … 1.0";"Сжатый воздух";"0 ... +60";Полимер;NBR;Т-образный;107.31;"292 шт"
ZPEW08-06;"Цанговый штуцер 8 мм";"Цанговый штуцер 6 мм";"0 … 1.0";"Сжатый воздух";"0 ... +60";Полимер;NBR;Т-образный;73.53;"233 шт"
ZPEG10-08;"Цанговый штуцер 10 мм";"Цанговый штуцер 8 мм";"0 … 1.0";"Сжатый воздух";"0 ... +60";Полимер;NBR;Т-образный;96.05;"488 шт"
ZPEG10-06;"Цанговый штуцер 10 мм";"Цанговый штуцер 6 мм";"0 … 1.0";"Сжатый воздух";"0 ... +60";Полимер;NBR;Т-образный;107.31;"383 шт"
ZPEG08-06;"Цанговый штуцер 8 мм";"Цанговый штуцер 6 мм";"0 … 1.0";"Сжатый воздух";"0 ... +60";Полимер;NBR;Т-образный;73.53;"302 шт"
ZPGJ12-10;"Втулка под цанговый штуцер 12 мм";"Цанговый штуцер 10 мм";"0 … 1.0";"Сжатый воздух";"0 ... +60";Полимер;NBR;Прямой;107.31;"419 шт"
ZPGJ10-08;"Втулка под цанговый штуцер 10 мм";"Цанговый штуцер 8 мм";"0 … 1.0";"Сжатый воздух";"0 ... +60";Полимер;NBR;Прямой;90.10;"540 шт"
ZPL12-03P;"Цанговый штуцер 12 мм";R3/8;"0 … 1.0";"Сжатый воздух";"0 ... +60";Полимер;NBR;Угловой;141.75;"757 шт"
ZPL10-03P;"Цанговый штуцер 10 мм";R3/8;"0 … 1.0";"Сжатый воздух";"0 ... +60";Полимер;NBR;Угловой;107.31;"956 шт"
ZPL08-03P;"Цанговый штуцер 8 мм";R3/8;"0 … 1.0";"Сжатый воздух";"0 ... +60";Полимер;NBR;Угловой;93.33;"773 шт"
ZPL08-01P;"Цанговый штуцер 8 мм";R1/8;"0 … 1.0";"Сжатый воздух";"0 ... +60";Полимер;NBR;Угловой;70.81;"3158 шт"
ZPL06-01P;"Цанговый штуцер 6 мм";R1/8;"0 … 1.0";"Сжатый воздух";"0 ... +60";Полимер;NBR;Угловой;59.55;"1376 шт"
ZPL06-M5;"Цанговый штуцер 6 мм";М5;"0 … 1.0";"Сжатый воздух";"0 ... +60";Полимер;NBR;Угловой;56.31;"962 шт"
ZPL04-01P;"Цанговый штуцер 4 мм";R1/8;"0 … 1.0";"Сжатый воздух";"0 ... +60";Полимер;NBR;Угловой;53.72;"948 шт"
ZPOC06-M7C;"Цанговый штуцер 6 мм";М7;"0 … 1.0";"Сжатый воздух";"0 ... +60";Латунь;NBR;Прямой;166.99;"3644 шт"
ZPOC04-M5C;"Цанговый штуцер 4 мм";М5;"0 … 1.0";"Сжатый воздух";"0 ... +60";Латунь;NBR;Прямой;139.81;"77 шт"
ZPOC04-M5;"Цанговый штуцер 4 мм";М5;"0 … 1.0";"Сжатый воздух";"0 ... +60";Латунь;NBR;Прямой;64.98;"591 шт"
ZPC16-04P;"Цанговый штуцер 16 мм";R1/2;"0 … 1.0";"Сжатый воздух";"0 ... +60";Латунь;NBR;Прямой;249.19;"633 шт"
ZPC16-03P;"Цанговый штуцер 16 мм";R3/8;"0 … 1.0";"Сжатый воздух";"0 ... +60";Латунь;NBR;Прямой;249.19;"430 шт"
ZPC14-04P;"Цанговый штуцер 14 мм";R1/2;"0 … 1.0";"Сжатый воздух";"0 ... +60";Латунь;NBR;Прямой;226.54;"402 шт"
ZPC12-03P;"Цанговый штуцер 12 мм";R3/8;"0 … 1.0";"Сжатый воздух";"0 ... +60";Латунь;NBR;Прямой;124.40;"784 шт"
ZPC12-02P;"Цанговый штуцер 12 мм";R1/4;"0 … 1.0";"Сжатый воздух";"0 ... +60";Латунь;NBR;Прямой;124.40;"958 шт"
ZPC10-03P;"Цанговый штуцер 10 мм";R3/8;"0 … 1.0";"Сжатый воздух";"0 ... +60";Латунь;NBR;Прямой;93.33;"668 шт"
ZPC10-02P;"Цанговый штуцер 10 мм";R1/4;"0 … 1.0";"Сжатый воздух";"0 ... +60";Латунь;NBR;Прямой;96.05;"1053 шт"
ZPC08-04P;"Цанговый штуцер 8 мм";R1/2;"0 … 1.0";"Сжатый воздух";"0 ... +60";Латунь;NBR;Прямой;127.12;"590 шт"
ZPC08-03P;"Цанговый штуцер 8 мм";R3/8;"0 … 1.0";"Сжатый воздух";"0 ... +60";Латунь;NBR;Прямой;76.25;"1038 шт"
ZPC06-04P;"Цанговый штуцер 6 мм";R1/2;"0 … 1.0";"Сжатый воздух";"0 ... +60";Латунь;NBR;Прямой;141.75;"298 шт"
ZPC06-02P;"Цанговый штуцер 6 мм";R1/4;"0 … 1.0";"Сжатый воздух";"0 ... +60";Латунь;NBR;Прямой;67.57;"1613 шт"
ZPC06-01P;"Цанговый штуцер 6 мм";R1/8;"0 … 1.0";"Сжатый воздух";"0 ... +60";Латунь;NBR;Прямой;47.77;"2328 шт"
ZPC06-M6;"Цанговый штуцер 6 мм";М6;"0 … 1.0";"Сжатый воздух";"0 ... +60";Латунь;NBR;Прямой;53.72;"245 шт"
ZPC06-M5;"Цанговый штуцер 6 мм";М5;"0 … 1.0";"Сжатый воздух";"0 ... +60";Латунь;NBR;Прямой;53.72;"520 шт"
ZPC04-01P;"Цанговый штуцер 4 мм";R1/8;"0 … 1.0";"Сжатый воздух";"0 ... +60";Латунь;NBR;Прямой;45.57;"292 шт"
ZPC04-M5;"Цанговый штуцер 4 мм";М5;"0 … 1.0";"Сжатый воздух";"0 ... +60";Латунь;NBR;Прямой;45.57;"1230 шт"
ZPKB08-02G;"Цанговый штуцер 8 мм";G1/4;"0 … 1.0";"Сжатый воздух";"0 ... +60";Полимер;NBR;Многоотводный;332.04;"163 шт"
ZPKB06-01G;"Цанговый штуцер 6 мм";G1/8;"0 … 1.0";"Сжатый воздух";"0 ... +60";Полимер;NBR;Многоотводный;305.50;"196 шт"
ZPMF12-04G;"Цанговый штуцер 12 мм";"G1/2 внутренняя";"0 … 1.0";"Сжатый воздух";"0 ... +60";Латунь;NBR;Прямой;361.82;"365 шт"
ZPMF12-02G;"Цанговый штуцер 12 мм";"G1/4 внутренняя";"0 … 1.0";"Сжатый воздух";"0 ... +60";Латунь;NBR;Прямой;181.23;"464 шт"
ZPMF10-04G;"Цанговый штуцер 10 мм";"G1/2 внутренняя";"0 … 1.0";"Сжатый воздух";"0 ... +60";Латунь;NBR;Прямой;344.99;"589 шт"
ZPMF08-03G;"Цанговый штуцер 8 мм";"G3/8 внутренняя";"0 … 1.0";"Сжатый воздух";"0 ... +60";Латунь;NBR;Прямой;237.54;"379 шт"
ZPMF08-01G;"Цанговый штуцер 8 мм";"G1/8 внутренняя";"0 … 1.0";"Сжатый воздух";"0 ... +60";Латунь;NBR;Прямой;330.75;"278 шт"
ZPMF04-01G;"Цанговый штуцер 4 мм";"G1/8 внутренняя";"0 … 1.0";"Сжатый воздух";"0 ... +60";Латунь;NBR;Прямой;124.40;"251 шт"
ZPHF12-04G;"Цанговый штуцер 12 мм";G1/2;"0 … 1.0";"Сжатый воздух";"0 ... +60";Полимер;NBR;Угловой;313.92;"30 шт"
ZPHF10-04G;"Цанговый штуцер 10 мм";G1/2;"0 … 1.0";"Сжатый воздух";"0 ... +60";Полимер;NBR;Угловой;308.09;"168 шт"
ZPHF10-03G;"Цанговый штуцер 10 мм";G3/8;"0 … 1.0";"Сжатый воздух";"0 ... +60";Полимер;NBR;Угловой;229.13;"157 шт"
ZPHF10-02G;"Цанговый штуцер 10 мм";G1/4;"0 … 1.0";"Сжатый воздух";"0 ... +60";Полимер;NBR;Угловой;226.54;"140 шт"
ZPHF08-02G;"Цанговый штуцер 8 мм";G1/4;"0 … 1.0";"Сжатый воздух";"0 ... +60";Полимер;NBR;Угловой;194.82;"186 шт"
ZPHF06-02G;"Цанговый штуцер 6 мм";G1/4;"0 … 1.0";"Сжатый воздух";"0 ... +60";Полимер;NBR;Угловой;194.82;"36 шт"
ZPHF06-01G;"Цанговый штуцер 6 мм";G1/8;"0 … 1.0";"Сжатый воздух";"0 ... +60";Полимер;NBR;Угловой;181.23;"76 шт"
ZPHF04-01G;"Цанговый штуцер 4 мм";G1/8;"0 … 1.0";"Сжатый воздух";"0 ... +60";Полимер;NBR;Угловой;158.58;"188 шт"
ZPH12-04G;"Цанговый штуцер 12 мм";G1/2;"0 … 1.0";"Сжатый воздух";"0 ... +60";Полимер;NBR;Угловой;313.92;"134 шт"
ZPH10-04G;"Цанговый штуцер 10 мм";G1/2;"0 … 1.0";"Сжатый воздух";"0 ... +60";Полимер;NBR;Угловой;308.09;"173 шт"
ZPH10-03G;"Цанговый штуцер 10 мм";G3/8;"0 … 1.0";"Сжатый воздух";"0 ... +60";Полимер;NBR;Угловой;229.13;"47 шт"
ZPH08-03G;"Цанговый штуцер 8 мм";G3/8;"0 … 1.0";"Сжатый воздух";"0 ... +60";Полимер;NBR;Угловой;220.71;"280 шт"
ZPH06-02G;"Цанговый штуцер 6 мм";G1/4;"0 … 1.0";"Сжатый воздух";"0 ... +60";Полимер;NBR;Угловой;194.82;"160 шт"
ZPH06-01G;"Цанговый штуцер 6 мм";G1/8;"0 … 1.0";"Сжатый воздух";"0 ... +60";Полимер;NBR;Угловой;181.23;"108 шт"
ZPH04-01G;"Цанговый штуцер 4 мм";G1/8;"0 … 1.0";"Сжатый воздух";"0 ... +60";Полимер;NBR;Угловой;158.58;"148 шт"
ZPWT16-04G;"Цанговый штуцер 16 мм";G1/2;"0 … 1.0";"Сжатый воздух";"0 ... +60";Полимер;NBR;Y-образный;452.43;"141 шт"
ZPWT12-03G;"Цанговый штуцер 12 мм";G3/8;"0 … 1.0";"Сжатый воздух";"0 ... +60";Полимер;NBR;Y-образный;198.06;"91 шт"
ZPWT10-03G;"Цанговый штуцер 10 мм";G3/8;"0 … 1.0";"Сжатый воздух";"0 ... +60";Полимер;NBR;Y-образный;164.40;"289 шт"
ZPWT10-02G;"Цанговый штуцер 10 мм";G1/4;"0 … 1.0";"Сжатый воздух";"0 ... +60";Полимер;NBR;Y-образный;144.34;"268 шт"
ZPWT10-01G;"Цанговый штуцер 10 мм";G1/8;"0 … 1.0";"Сжатый воздух";"0 ... +60";Полимер;NBR;Y-образный;138.51;"325 шт"
ZPWT08-03G;"Цанговый штуцер 8 мм";G3/8;"0 … 1.0";"Сжатый воздух";"0 ... +60";Полимер;NBR;Y-образный;155.99;"124 шт"
ZPWT08-02G;"Цанговый штуцер 8 мм";G1/4;"0 … 1.0";"Сжатый воздух";"0 ... +60";Полимер;NBR;Y-образный;124.40;"397 шт"
ZPWT08-01G;"Цанговый штуцер 8 мм";G1/8;"0 … 1.0";"Сжатый воздух";"0 ... +60";Полимер;NBR;Y-образный;124.40;"331 шт"
ZPWT06-04G;"Цанговый штуцер 6 мм";G1/2;"0 … 1.0";"Сжатый воздух";"0 ... +60";Полимер;NBR;Y-образный;189.65;"110 шт"
ZPLF04-02G;"Цанговый штуцер 4 мм";"G1/4 внутренняя";"0 … 1.0";"Сжатый воздух";"0 ... +60";Полимер;NBR;Угловой;113.14;"165 шт"
ZPLL16-04G;"Цанговый штуцер 16 мм";G1/2;"0 … 1.0";"Сжатый воздух";"0 ... +60";Полимер;NBR;Угловой;463.43;"187 шт"
ZPLL12-03G;"Цанговый штуцер 12 мм";G3/8;"0 … 1.0";"Сжатый воздух";"0 ... +60";Полимер;NBR;Угловой;262.79;"208 шт"
ZPLL10-03G;"Цанговый штуцер 10 мм";G3/8;"0 … 1.0";"Сжатый воздух";"0 ... +60";Полимер;NBR;Угловой;181.23;"57 шт"
ZPLL10-02G;"Цанговый штуцер 10 мм";G1/4;"0 … 1.0";"Сжатый воздух";"0 ... +60";Полимер;NBR;Угловой;183.82;"215 шт"
ZPLL10-01G;"Цанговый штуцер 10 мм";G1/8;"0 … 1.0";"Сжатый воздух";"0 ... +60";Полимер;NBR;Угловой;183.82;"146 шт"
ZPLL08-02G;"Цанговый штуцер 8 мм";G1/4;"0 … 1.0";"Сжатый воздух";"0 ... +60";Полимер;NBR;Угловой;115.86;"351 шт"
ZPLL06-02G;"Цанговый штуцер 6 мм";G1/4;"0 … 1.0";"Сжатый воздух";"0 ... +60";Полимер;NBR;Угловой;110.03;"43 шт"
ZPLL06-01G;"Цанговый штуцер 6 мм";G1/8;"0 … 1.0";"Сжатый воздух";"0 ... +60";Полимер;NBR;Угловой;104.60;"339 шт"
ZPLL04-01G;"Цанговый штуцер 4 мм";G1/8;"0 … 1.0";"Сжатый воздух";"0 ... +60";Полимер;NBR;Угловой;104.60;"169 шт"
ZPL16-03G;"Цанговый штуцер 16 мм";G3/8;"0 … 1.0";"Сжатый воздух";"0 ... +60";Полимер;NBR;Угловой;367.64;"913 шт"
ZPL16-02G;"Цанговый штуцер 16 мм";G1/4;"0 … 1.0";"Сжатый воздух";"0 ... +60";Полимер;NBR;Угловой;415.54;"430 шт"
ZPL14-04G;"Цанговый штуцер 14 мм";G1/2;"0 … 1.0";"Сжатый воздух";"0 ... +60";Полимер;NBR;Угловой;353.40;"408 шт"
ZPL14-02G;"Цанговый штуцер 14 мм";G1/4;"0 … 1.0";"Сжатый воздух";"0 ... +60";Полимер;NBR;Угловой;409.71;"392 шт"
ZPL12-02G;"Цанговый штуцер 12 мм";G1/4;"0 … 1.0";"Сжатый воздух";"0 ... +60";Полимер;NBR;Угловой;150.16;"646 шт"
ZPL12-01G;"Цанговый штуцер 12 мм";G1/8;"0 … 1.0";"Сжатый воздух";"0 ... +60";Полимер;NBR;Угловой;141.75;"160 шт"
ZPL06-03G;"Цанговый штуцер 6 мм";G3/8;"0 … 1.0";"Сжатый воздух";"0 ... +60";Полимер;NBR;Угловой;101.88;"308 шт"
ZPCF12-04G;"Цанговый штуцер 12 мм";"G1/2 внутренняя";"0 … 1.0";"Сжатый воздух";"0 ... +60";Латунь;NBR;Прямой;212.30;"284 шт"
ZPCF12-03G;"Цанговый штуцер 12 мм";"G3/8 внутренняя";"0 … 1.0";"Сжатый воздух";"0 ... +60";Латунь;NBR;Прямой;175.41;"207 шт"
ZPCF12-02G;"Цанговый штуцер 12 мм";"G1/4 внутренняя";"0 … 1.0";"Сжатый воздух";"0 ... +60";Латунь;NBR;Прямой;181.23;"321 шт"
ZPCF10-03G;"Цанговый штуцер 10 мм";"G3/8 внутренняя";"0 … 1.0";"Сжатый воздух";"0 ... +60";Латунь;NBR;Прямой;138.51;"133 шт"
ZPCF08-03G;"Цанговый штуцер 8 мм";"G3/8 внутренняя";"0 … 1.0";"Сжатый воздух";"0 ... +60";Латунь;NBR;Прямой;141.75;"170 шт"
ZPCF06-03G;"Цанговый штуцер 6 мм";"G3/8 внутренняя";"0 … 1.0";"Сжатый воздух";"0 ... +60";Латунь;NBR;Прямой;141.75;"131 шт"
ZPCF06-02G;"Цанговый штуцер 6 мм";"G1/4 внутренняя";"0 … 1.0";"Сжатый воздух";"0 ... +60";Латунь;NBR;Прямой;101.88;"430 шт"
ZPOC12-03G;"Цанговый штуцер 12 мм";G3/8;"0 … 1.0";"Сжатый воздух";"0 ... +60";Латунь;NBR;Прямой;144.34;"265 шт"
ZPOC10-04G;"Цанговый штуцер 10 мм";G1/2;"0 … 1.0";"Сжатый воздух";"0 ... +60";Латунь;NBR;Прямой;175.41;"110 шт"
ZPOC10-03G;"Цанговый штуцер 10 мм";G3/8;"0 … 1.0";"Сжатый воздух";"0 ... +60";Латунь;NBR;Прямой;115.86;"248 шт"
ZPOC10-02G;"Цанговый штуцер 10 мм";G1/4;"0 … 1.0";"Сжатый воздух";"0 ... +60";Латунь;NBR;Прямой;107.31;"647 шт"
ZPOC10-01G;"Цанговый штуцер 10 мм";G1/8;"0 … 1.0";"Сжатый воздух";"0 ... +60";Латунь;NBR;Прямой;104.60;"385 шт"
ZPOC08-04G;"Цанговый штуцер 8 мм";G1/2;"0 … 1.0";"Сжатый воздух";"0 ... +60";Латунь;NBR;Прямой;172.82;"297 шт"
ZPOC08-03G;"Цанговый штуцер 8 мм";G3/8;"0 … 1.0";"Сжатый воздух";"0 ... +60";Латунь;NBR;Прямой;104.60;"235 шт"
ZPOC08-02G;"Цанговый штуцер 8 мм";G1/4;"0 … 1.0";"Сжатый воздух";"0 ... +60";Латунь;NBR;Прямой;73.53;"1236 шт"
ZPOC06-02G;"Цанговый штуцер 6 мм";G1/4;"0 … 1.0";"Сжатый воздух";"0 ... +60";Латунь;NBR;Прямой;73.53;"0 шт"
ZPOC06-01G;"Цанговый штуцер 6 мм";G1/8;"0 … 1.0";"Сжатый воздух";"0 ... +60";Латунь;NBR;Прямой;70.81;"300 шт"
ZPC16-02G;"Цанговый штуцер 16 мм";G1/4;"0 … 1.0";"Сжатый воздух";"0 ... +60";Латунь;NBR;Прямой;274.44;"370 шт"
ZPWT06-02G;"Цанговый штуцер 6 мм";G1/4;"0 … 1.0";"Сжатый воздух";"0 ... +60";Полимер;NBR;Y-образный;113.14;"318 шт"
ZPWT06-01G;"Цанговый штуцер 6 мм";G1/8;"0 … 1.0";"Сжатый воздух";"0 ... +60";Полимер;NBR;Y-образный;113.14;"228 шт"
ZPB16-04G;"Цанговый штуцер 16 мм";G1/2;"0 … 1.0";"Сжатый воздух";"0 ... +60";Полимер;NBR;Т-образный;452.43;"313 шт"
ZPB14-04G;"Цанговый штуцер 14 мм";G1/2;"0 … 1.0";"Сжатый воздух";"0 ... +60";Полимер;NBR;Т-образный;429.78;"49 шт"
ZPB14-03G;"Цанговый штуцер 14 мм";G3/8;"0 … 1.0";"Сжатый воздух";"0 ... +60";Полимер;NBR;Т-образный;429.78;"50 шт"
ZPB12-04G;"Цанговый штуцер 12 мм";G1/2;"0 … 1.0";"Сжатый воздух";"0 ... +60";Полимер;NBR;Т-образный;220.71;"230 шт"
ZPB12-03G;"Цанговый штуцер 12 мм";G3/8;"0 … 1.0";"Сжатый воздух";"0 ... +60";Полимер;NBR;Т-образный;198.06;"209 шт"
ZPB12-02G;"Цанговый штуцер 12 мм";G1/4;"0 … 1.0";"Сжатый воздух";"0 ... +60";Полимер;NBR;Т-образный;187.06;"93 шт"
ZPB10-02G;"Цанговый штуцер 10 мм";G1/4;"0 … 1.0";"Сжатый воздух";"0 ... +60";Полимер;NBR;Т-образный;144.34;"192 шт"
ZPB10-01G;"Цанговый штуцер 10 мм";G1/8;"0 … 1.0";"Сжатый воздух";"0 ... +60";Полимер;NBR;Т-образный;138.51;"75 шт"
ZPB08-04G;"Цанговый штуцер 8 мм";G1/2;"0 … 1.0";"Сжатый воздух";"0 ... +60";Полимер;NBR;Т-образный;201.30;"69 шт"
ZPD16-04G;"Цанговый штуцер 16 мм";G1/2;"0 … 1.0";"Сжатый воздух";"0 ... +60";Полимер;NBR;Т-образный;452.43;"79 шт"
ZPD12-04G;"Цанговый штуцер 12 мм";G1/2;"0 … 1.0";"Сжатый воздух";"0 ... +60";Полимер;NBR;Т-образный;220.71;"171 шт"
ZPD12-03G;"Цанговый штуцер 12 мм";G3/8;"0 … 1.0";"Сжатый воздух";"0 ... +60";Полимер;NBR;Т-образный;198.06;"186 шт"
ZPD10-03G;"Цанговый штуцер 10 мм";G3/8;"0 … 1.0";"Сжатый воздух";"0 ... +60";Полимер;NBR;Т-образный;164.40;"143 шт"
ZPD10-02G;"Цанговый штуцер 10 мм";G1/4;"0 … 1.0";"Сжатый воздух";"0 ... +60";Полимер;NBR;Т-образный;144.34;"305 шт"
ZPD08-03G;"Цанговый штуцер 8 мм";G3/8;"0 … 1.0";"Сжатый воздух";"0 ... +60";Полимер;NBR;Т-образный;155.99;"122 шт"
ZPD08-02G;"Цанговый штуцер 8 мм";G1/4;"0 … 1.0";"Сжатый воздух";"0 ... +60";Полимер;NBR;Т-образный;124.40;"222 шт"
ZPD08-01G;"Цанговый штуцер 8 мм";G1/8;"0 … 1.0";"Сжатый воздух";"0 ... +60";Полимер;NBR;Т-образный;124.40;"142 шт"
ZPD06-02G;"Цанговый штуцер 6 мм";G1/4;"0 … 1.0";"Сжатый воздух";"0 ... +60";Полимер;NBR;Т-образный;113.14;"240 шт"
ZPLF10-03G;"Цанговый штуцер 10 мм";"G3/8 внутренняя";"0 … 1.0";"Сжатый воздух";"0 ... +60";Полимер;NBR;Угловой;172.82;"489 шт"
ZPLF08-03G;"Цанговый штуцер 8 мм";"G3/8 внутренняя";"0 … 1.0";"Сжатый воздух";"0 ... +60";Полимер;NBR;Угловой;155.99;"286 шт"
ZPLF08-01G;"Цанговый штуцер 8 мм";"G1/8 внутренняя";"0 … 1.0";"Сжатый воздух";"0 ... +60";Полимер;NBR;Угловой;107.31;"278 шт"
ZPLF06-04G;"Цанговый штуцер 6 мм";"G1/2 внутренняя";"0 … 1.0";"Сжатый воздух";"0 ... +60";Полимер;NBR;Угловой;192.88;"197 шт"
ZPLF06-03G;"Цанговый штуцер 6 мм";"G3/8 внутренняя";"0 … 1.0";"Сжатый воздух";"0 ... +60";Полимер;NBR;Угловой;155.99;"187 шт"
ZPC14-03G;"Цанговый штуцер 14 мм";G3/8;"0 … 1.0";"Сжатый воздух";"0 ... +60";Латунь;NBR;Прямой;249.19;"222 шт"
ZPC10-01G;"Цанговый штуцер 10 мм";G1/8;"0 … 1.0";"Сжатый воздух";"0 ... +60";Латунь;NBR;Прямой;98.77;"301 шт"
ZPC06-04G;"Цанговый штуцер 6 мм";G1/2;"0 … 1.0";"Сжатый воздух";"0 ... +60";Латунь;NBR;Прямой;155.99;"369 шт"
ZPC06-03G;"Цанговый штуцер 6 мм";G3/8;"0 … 1.0";"Сжатый воздух";"0 ... +60";Латунь;NBR;Прямой;98.77;"549 шт"
ZPC04-02G;"Цанговый штуцер 4 мм";G1/4;"0 … 1.0";"Сжатый воздух";"0 ... +60";Латунь;NBR;Прямой;67.57;"233 шт"
ZPG12-08;"Цанговый штуцер 12 мм";"Цанговый штуцер 8 мм";"0 … 1.0";"Сжатый воздух";"0 ... +60";Полимер;NBR;Прямой;79.35;"550 шт"
ZPK08;"Цанговый штуцер 8 мм";"Цанговый штуцер 8 мм";"0 … 1.0";"Сжатый воздух";"0 ... +60";Полимер;NBR;Многоотводный;181.23;"172 шт"
ZPK06;"Цанговый штуцер 6 мм";"Цанговый штуцер 6 мм";"0 … 1.0";"Сжатый воздух";"0 ... +60";Полимер;NBR;Многоотводный;172.82;"33 шт"
ZPK04;"Цанговый штуцер 4 мм";"Цанговый штуцер 4 мм";"0 … 1.0";"Сжатый воздух";"0 ... +60";Полимер;NBR;Многоотводный;164.40;"60 шт"
ZPIJ12;"Втулка под цанговый штуцер 12 мм";"Втулка под цанговый штуцер 12 мм";"0 … 1.0";"Сжатый воздух";"0 ... +60";Латунь;NBR;Прямой;158.58;"100 шт"
ZPIJ10;"Втулка под цанговый штуцер 10 мм";"Втулка под цанговый штуцер 10 мм";"0 … 1.0";"Сжатый воздух";"0 ... +60";Латунь;NBR;Прямой;138.51;"97 шт"
ZPIJ08;"Втулка под цанговый штуцер 8 мм";"Втулка под цанговый штуцер 8 мм";"0 … 1.0";"Сжатый воздух";"0 ... +60";Латунь;NBR;Прямой;124.40;"69 шт"
ZPIJ06;"Втулка под цанговый штуцер 6 мм";"Втулка под цанговый штуцер 6 мм";"0 … 1.0";"Сжатый воздух";"0 ... +60";Латунь;NBR;Прямой;118.58;"80 шт"
ZPIJ04;"Втулка под цанговый штуцер 4 мм";"Втулка под цанговый штуцер 4 мм";"0 … 1.0";"Сжатый воздух";"0 ... +60";Латунь;NBR;Прямой;110.03;"100 шт"
ZPLJ12;"Цанговый штуцер 12 мм";"Втулка под цанговый штуцер 12мм";"0 … 1.0";"Сжатый воздух";"0 ... +60";Полимер;NBR;Угловой;175.41;"371 шт"
ZPLJ10;"Цанговый штуцер 10 мм";"Втулка под цанговый штуцер 10мм";"0 … 1.0";"Сжатый воздух";"0 ... +60";Полимер;NBR;Угловой;158.58;"202 шт"
ZPLJ08;"Цанговый штуцер 8 мм";"Втулка под цанговый штуцер 8мм";"0 … 1.0";"Сжатый воздух";"0 ... +60";Полимер;NBR;Угловой;130.75;"6 шт"
ZPLJ06;"Цанговый штуцер 6 мм";"Втулка под цанговый штуцер 6мм";"0 … 1.0";"Сжатый воздух";"0 ... +60";Полимер;NBR;Угловой;118.58;"216 шт"
ZPLJ04;"Цанговый штуцер 4 мм";"Втулка под цанговый штуцер 4мм";"0 … 1.0";"Сжатый воздух";"0 ... +60";Полимер;NBR;Угловой;113.14;"218 шт"
ZPP12;"Втулка под цанговый штуцер 4 мм";-;"0 … 1.0";"Сжатый воздух";"0 ... +60";Полимер;NBR;Заглушка;53.72;"626 шт"
ZPZA12;"Цанговый штуцер 12 мм";-;"0 … 1.0";"Сжатый воздух";"0 ... +60";Полимер;NBR;X-образный;150.16;"267 шт"
ZPZA10;"Цанговый штуцер 10 мм";-;"0 … 1.0";"Сжатый воздух";"0 ... +60";Полимер;NBR;X-образный;130.75;"181 шт"
ZPZA04;"Цанговый штуцер 4 мм";-;"0 … 1.0";"Сжатый воздух";"0 ... +60";Полимер;NBR;X-образный;90.10;"420 шт"
ZPM12;"Цанговый штуцер 12 мм";"Цанговый штуцер 12 мм";"0 … 1.0";"Сжатый воздух";"0 ... +60";Латунь;NBR;Прямой;229.13;"193 шт"
ZPM04;"Цанговый штуцер 4 мм";"Цанговый штуцер 4 мм";"0 … 1.0";"Сжатый воздух";"0 ... +60";Латунь;NBR;Прямой;121.68;"34 шт"
ZPE14;"Цанговый штуцер 14 мм";"Цанговый штуцер 14 мм";"0 … 1.0";"Сжатый воздух";"0 ... +60";Полимер;NBR;Т-образный;296.44;"722 шт"
ZPKG12-10;"Цанговый штуцер 12 мм";"Цанговый штуцер 10 мм";"0 … 1.0";"Сжатый воздух";"0 ... +60";Полимер;NBR;Многоотводный;189.65;"127 шт"
ZPKG10-08;"Цанговый штуцер 10 мм";"Цанговый штуцер 8 мм";"0 … 1.0";"Сжатый воздух";"0 ... +60";Полимер;NBR;Многоотводный;164.40;"25 шт"
ZPKG08-06;"Цанговый штуцер 8 мм";"Цанговый штуцер 6 мм";"0 … 1.0";"Сжатый воздух";"0 ... +60";Полимер;NBR;Многоотводный;158.58;"169 шт"
ZPKG06-04;"Цанговый штуцер 6 мм";"Цанговый штуцер 4 мм";"0 … 1.0";"Сжатый воздух";"0 ... +60";Полимер;NBR;Многоотводный;150.16;"186 шт"
ZPG16-14;"Цанговый штуцер 16 мм";"Цанговый штуцер 14 мм";"0 … 1.0";"Сжатый воздух";"0 ... +60";Полимер;NBR;Прямой;169.58;"362 шт"
ZPEW12-10;"Цанговый штуцер 12 мм";"Цанговый штуцер 10 мм";"0 … 1.0";"Сжатый воздух";"0 ... +60";Полимер;NBR;Т-образный;118.58;"109 шт"
ZPEW06-04;"Цанговый штуцер 6 мм";"Цанговый штуцер 4 мм";"0 … 1.0";"Сжатый воздух";"0 ... +60";Полимер;NBR;Т-образный;73.53;"231 шт"
ZPEG12-10;"Цанговый штуцер 12 мм";"Цанговый штуцер 10 мм";"0 … 1.0";"Сжатый воздух";"0 ... +60";Полимер;NBR;Т-образный;118.58;"191 шт"
ZPEG06-04;"Цанговый штуцер 6 мм";"Цанговый штуцер 4 мм";"0 … 1.0";"Сжатый воздух";"0 ... +60";Полимер;NBR;Т-образный;73.53;"505 шт"
ZPLF08-02G;"Цанговый штуцер 8 мм";"G1/4 внутренняя";"0 … 1.0";"Сжатый воздух";"0 ... +60";Полимер;NBR;Угловой;130.75;"274 шт"
ZPLF12-04G;"Цанговый штуцер 12 мм";"G1/2 внутренняя";"0 … 1.0";"Сжатый воздух";"0 ... +60";Полимер;NBR;Угловой;243.37;"85 шт"
ZPOC12-02P;"Цанговый штуцер 12 мм";R1/4;"0 … 1.0";"Сжатый воздух";"0 ... +60";Латунь;NBR;Прямой;121.68;"96 шт"
ZPOC08-01P;"Цанговый штуцер 8 мм";R1/8;"0 … 1.0";"Сжатый воздух";"0 ... +60";Латунь;NBR;Прямой;67.57;"241 шт"
ZPOC06-01P;"Цанговый штуцер 6 мм";R1/8;"0 … 1.0";"Сжатый воздух";"0 ... +60";Латунь;NBR;Прямой;64.98;"277 шт"
ZPOC06-M5;"Цанговый штуцер 6 мм";М5;"0 … 1.0";"Сжатый воздух";"0 ... +60";Латунь;NBR;Прямой;64.98;"54 шт"
ZPC14-03P;"Цанговый штуцер 14 мм";R3/8;"0 … 1.0";"Сжатый воздух";"0 ... +60";Латунь;NBR;Прямой;226.54;"265 шт"
ZPC14-02P;"Цанговый штуцер 14 мм";R1/4;"0 … 1.0";"Сжатый воздух";"0 ... +60";Латунь;NBR;Прямой;237.54;"201 шт"
ZPC12-04P;"Цанговый штуцер 12 мм";R1/2;"0 … 1.0";"Сжатый воздух";"0 ... +60";Латунь;NBR;Прямой;150.16;"706 шт"
ZPC12-01P;"Цанговый штуцер 12 мм";R1/8;"0 … 1.0";"Сжатый воздух";"0 ... +60";Латунь;NBR;Прямой;124.40;"265 шт"
ZPC10-04P;"Цанговый штуцер 10 мм";R1/2;"0 … 1.0";"Сжатый воздух";"0 ... +60";Латунь;NBR;Прямой;127.12;"449 шт"
ZPC10-01P;"Цанговый штуцер 10 мм";R1/8;"0 … 1.0";"Сжатый воздух";"0 ... +60";Латунь;NBR;Прямой;87.90;"411 шт"
ZPC06-03P;"Цанговый штуцер 6 мм";R3/8;"0 … 1.0";"Сжатый воздух";"0 ... +60";Латунь;NBR;Прямой;90.10;"260 шт"
ZPC04-02P;"Цанговый штуцер 4 мм";R1/4;"0 … 1.0";"Сжатый воздух";"0 ... +60";Латунь;NBR;Прямой;62.27;"243 шт"
ZPC04-M6;"Цанговый штуцер 4 мм";М6;"0 … 1.0";"Сжатый воздух";"0 ... +60";Латунь;NBR;Прямой;45.57;"475 шт"
ZPLL06-02P;"Цанговый штуцер 6 мм";R1/4;"0 … 1.0";"Сжатый воздух";"0 ... +60";Полимер;NBR;Угловой;101.88;"200 шт"
ZPL16-04P;"Цанговый штуцер 16 мм";R1/2;"0 … 1.0";"Сжатый воздух";"0 ... +60";Полимер;NBR;Угловой;333.98;"330 шт"
ZPL12-04P;"Цанговый штуцер 12 мм";R1/2;"0 … 1.0";"Сжатый воздух";"0 ... +60";Полимер;NBR;Угловой;158.58;"596 шт"
ZPL12-02P;"Цанговый штуцер 12 мм";R1/4;"0 … 1.0";"Сжатый воздух";"0 ... +60";Полимер;NBR;Угловой;135.92;"721 шт"
ZPL10-04P;"Цанговый штуцер 10 мм";R1/2;"0 … 1.0";"Сжатый воздух";"0 ... +60";Полимер;NBR;Угловой;144.34;"607 шт"
ZPL10-02P;"Цанговый штуцер 10 мм";R1/4;"0 … 1.0";"Сжатый воздух";"0 ... +60";Полимер;NBR;Угловой;101.88;"969 шт"
ZPL10-01P;"Цанговый штуцер 10 мм";R1/8;"0 … 1.0";"Сжатый воздух";"0 ... +60";Полимер;NBR;Угловой;101.88;"279 шт"
ZPL08-04P;"Цанговый штуцер 8 мм";R1/2;"0 … 1.0";"Сжатый воздух";"0 ... +60";Полимер;NBR;Угловой;133.33;"49 шт"
ZPL08-02P;"Цанговый штуцер 8 мм";R1/4;"0 … 1.0";"Сжатый воздух";"0 ... +60";Полимер;NBR;Угловой;76.25;"1042 шт"
ZPL06-03P;"Цанговый штуцер 6 мм";R3/8;"0 … 1.0";"Сжатый воздух";"0 ... +60";Полимер;NBR;Угловой;90.10;"295 шт"
ZPL06-02P;"Цанговый штуцер 6 мм";R1/4;"0 … 1.0";"Сжатый воздух";"0 ... +60";Полимер;NBR;Угловой;70.81;"1880 шт"
ZPL06-M6;"Цанговый штуцер 6 мм";М6;"0 … 1.0";"Сжатый воздух";"0 ... +60";Полимер;NBR;Угловой;56.31;"739 шт"
ZPL04-M6;"Цанговый штуцер 4 мм";М6;"0 … 1.0";"Сжатый воздух";"0 ... +60";Полимер;NBR;Угловой;53.72;"508 шт"
ZPCF10-03P;"Цанговый штуцер 10 мм";"R3/8 внутренняя";"0 … 1.0";"Сжатый воздух";"0 ... +60";Латунь;NBR;Прямой;127.12;"300 шт"
ZPCF08-03P;"Цанговый штуцер 8 мм";"R3/8 внутренняя";"0 … 1.0";"Сжатый воздух";"0 ... +60";Латунь;NBR;Прямой;130.75;"180 шт"
ZPCF06-03P;"Цанговый штуцер 6 мм";"R3/8 внутренняя";"0 … 1.0";"Сжатый воздух";"0 ... +60";Латунь;NBR;Прямой;127.12;"315 шт"
ZPWT06-02P;"Цанговый штуцер 6 мм";R1/4;"0 … 1.0";"Сжатый воздух";"0 ... +60";Полимер;NBR;Y-образный;101.88;"137 шт"
ZPWT06-01P;"Цанговый штуцер 6 мм";R1/8;"0 … 1.0";"Сжатый воздух";"0 ... +60";Полимер;NBR;Y-образный;101.88;"181 шт"
ZPB08-02P;"Цанговый штуцер 8 мм";R1/4;"0 … 1.0";"Сжатый воздух";"0 ... +60";Полимер;NBR;Т-образный;113.14;"118 шт"
ZPB08-01P;"Цанговый штуцер 8 мм";R1/8;"0 … 1.0";"Сжатый воздух";"0 ... +60";Полимер;NBR;Т-образный;113.14;"660 шт"
ZPB04-M5;"Цанговый штуцер 4 мм";М5;"0 … 1.0";"Сжатый воздух";"0 ... +60";Полимер;NBR;Т-образный;96.05;"21 шт"
ZPWJ06-04;"Цанговый штуцер 6 мм";"Наружный диаметр 4мм";"0 … 1.0";"Сжатый воздух";"0 ... +60";Полимер;NBR;Y-образный;130.75;"19 шт"
ZPGJ10-06;"Втулка под цанговый штуцер 10 мм";"Цанговый штуцер 6 мм";"0 … 1.0";"Сжатый воздух";"0 ... +60";Полимер;NBR;Прямой;90.10;"199 шт"
ZPGJ08-06;"Втулка под цанговый штуцер 8 мм";"Цанговый штуцер 6 мм";"0 … 1.0";"Сжатый воздух";"0 ... +60";Полимер;NBR;Прямой;81.55;"1522 шт"
ZPGJ06-04;"Втулка под цанговый штуцер 6 мм";"Цанговый штуцер 4 мм";"0 … 1.0";"Сжатый воздух";"0 ... +60";Полимер;NBR;Прямой;76.25;"80 шт"
ZPHF08-01P;"Цанговый штуцер 8 мм";R1/8;"0 … 1.0";"Сжатый воздух";"0 ... +60";Полимер;NBR;Угловой;138.51;"88 шт"
ZPHF06-M5;"Цанговый штуцер 6 мм";М5;"0 … 1.0";"Сжатый воздух";"0 ... +60";Полимер;NBR;Угловой;138.51;"200 шт"
ZPH06-M5;"Цанговый штуцер 6 мм";М5;"0 … 1.0";"Сжатый воздух";"0 ... +60";Полимер;NBR;Угловой;155.99;"173 шт"
ZPH04-M5;"Цанговый штуцер 4 мм";М5;"0 … 1.0";"Сжатый воздух";"0 ... +60";Полимер;NBR;Угловой;144.34;"198 шт"
ZPWT12-04P;"Цанговый штуцер 12 мм";R1/2;"0 … 1.0";"Сжатый воздух";"0 ... +60";Полимер;NBR;Y-образный;201.30;"186 шт"
ZPW08-04;"Цанговый штуцер 8 мм";"Цанговый штуцер 4 мм";"0 … 1.0";"Сжатый воздух";"0 ... +60";Полимер;NBR;Y-образный;95.15;"383 шт"
ZPEG08-04;"Цанговый штуцер 8 мм";"Цанговый штуцер 4 мм";"0 … 1.0";"Сжатый воздух";"0 ... +60";Полимер;NBR;Т-образный;83.37;"215 шт"
ZPEG12-08;"Цанговый штуцер 12 мм";"Цанговый штуцер 8 мм";"0 … 1.0";"Сжатый воздух";"0 ... +60";Полимер;NBR;Т-образный;118.58;"294 шт"
ZPEW12-08;"Цанговый штуцер 12 мм";"Цанговый штуцер 8 мм";"0 … 1.0";"Сжатый воздух";"0 ... +60";Полимер;NBR;Т-образный;118.58;"230 шт"
ZPW10-06;"Цанговый штуцер 10 мм";"Цанговый штуцер 6 мм";"0 … 1.0";"Сжатый воздух";"0 ... +60";Полимер;NBR;Y-образный;113.14;"184 шт"
ZPGJ08-04;"Втулка под цанговый штуцер 8 мм";"Цанговый штуцер 4 мм";"0 … 1.0";"Сжатый воздух";"0 ... +60";Полимер;NBR;Прямой;81.55;"345 шт"
ZPEW08-04;"Цанговый штуцер 8 мм";"Цанговый штуцер 4 мм";"0 … 1.0";"Сжатый воздух";"0 ... +60";Полимер;NBR;Т-образный;76.25;"276 шт"
ZPG08-04;"Цанговый штуцер 8 мм";"Цанговый штуцер 4 мм";"0 … 1.0";"Сжатый воздух";"0 ... +60";Полимер;NBR;Прямой;53.72;"375 шт"
ZPEW16-12;"Цанговый штуцер 16 мм";"Цанговый штуцер 12 мм";"0 … 1.0";"Сжатый воздух";"0 ... +60";Полимер;NBR;Т-образный;220.71;"301 шт"
ZPCF16-03G;"Цанговый штуцер 16 мм";"G3/8 внутренняя";"0 … 1.0";"Сжатый воздух";"0 ... +60";Латунь;NBR;Прямой;496.44;"418 шт"
ZPCF16-04G;"Цанговый штуцер 16 мм";"G1/2 внутренняя";"0 … 1.0";"Сжатый воздух";"0 ... +60";Латунь;NBR;Прямой;429.78;"0 шт"
ZPL16-04G;"Цанговый штуцер 16 мм";G1/2;"0 … 1.0";"Сжатый воздух";"0 ... +60";Полимер;NBR;Угловой;367.64;"0 шт"
ZPL04-01G;"Цанговый штуцер 4 мм";G1/8;"0 … 1.0";"Сжатый воздух";"0 ... +60";Полимер;NBR;Угловой;59.55;"0 шт"
ZPC10-04G;"Цанговый штуцер 10 мм";G1/2;"0 … 1.0";"Сжатый воздух";"0 ... +60";Латунь;NBR;Прямой;138.51;"0 шт"
ZPC04-01G;"Цанговый штуцер 4 мм";G1/8;"0 … 1.0";"Сжатый воздух";"0 ... +60";Латунь;NBR;Прямой;51;"0 шт"
ZPV04;"Цанговый штуцер 4 мм";"Цанговый штуцер 4 мм";"0 … 1.0";"Сжатый воздух";"0 ... +60";Полимер;NBR;Угловой;42.46;"0 шт"
ZPY06;"Цанговый штуцер 6 мм";"Цанговый штуцер 6 мм";"0 … 1.0";"Сжатый воздух";"0 ... +60";Полимер;NBR;Y-образный;59.55;"0 шт"
ZPL04-M5;"Цанговый штуцер 4 мм";М5;"0 … 1.0";"Сжатый воздух";"0 ... +60";Полимер;NBR;Угловой;53.72;"0 шт"
ZPOC04-M7C;"Цанговый штуцер 4 мм";М7;"0 … 1.0";"Сжатый воздух";"0 ... +60";Латунь;NBR;Прямой;157.93;"0 шт"
ZPKB08-03G;"Цанговый штуцер 8 мм";G3/8;"0 … 1.0";"Сжатый воздух";"0 ... +60";Полимер;NBR;Многоотводный;345.63;"0 шт"
ZPKB08-01G;"Цанговый штуцер 8 мм";G1/8;"0 … 1.0";"Сжатый воздух";"0 ... +60";Полимер;NBR;Многоотводный;330.75;"0 шт"
ZPKB06-03G;"Цанговый штуцер 6 мм";G3/8;"0 … 1.0";"Сжатый воздух";"0 ... +60";Полимер;NBR;Многоотводный;328.81;"0 шт"
ZPKB06-02G;"Цанговый штуцер 6 мм";G1/4;"0 … 1.0";"Сжатый воздух";"0 ... +60";Полимер;NBR;Многоотводный;312.62;"0 шт"
ZPMF12-03G;"Цанговый штуцер 12 мм";"G3/8 внутренняя";"0 … 1.0";"Сжатый воздух";"0 ... +60";Латунь;NBR;Прямой;243.37;"0 шт"
ZPMF12-01G;"Цанговый штуцер 12 мм";"G1/8 внутренняя";"0 … 1.0";"Сжатый воздух";"0 ... +60";Латунь;NBR;Прямой;218.12;"0 шт"
ZPMF10-03G;"Цанговый штуцер 10 мм";"G3/8 внутренняя";"0 … 1.0";"Сжатый воздух";"0 ... +60";Латунь;NBR;Прямой;330.75;"0 шт"
ZPMF10-02G;"Цанговый штуцер 10 мм";"G1/4 внутренняя";"0 … 1.0";"Сжатый воздух";"0 ... +60";Латунь;NBR;Прямой;198.06;"0 шт"
ZPMF10-01G;"Цанговый штуцер 10 мм";"G1/8 внутренняя";"0 … 1.0";"Сжатый воздух";"0 ... +60";Латунь;NBR;Прямой;218.12;"0 шт"
ZPMF08-04G;"Цанговый штуцер 8 мм";"G1/2 внутренняя";"0 … 1.0";"Сжатый воздух";"0 ... +60";Латунь;NBR;Прямой;339.16;"0 шт"
ZPMF06-04G;"Цанговый штуцер 6 мм";"G1/2 внутренняя";"0 … 1.0";"Сжатый воздух";"0 ... +60";Латунь;NBR;Прямой;339.16;"0 шт"
ZPMF06-03G;"Цанговый штуцер 6 мм";"G3/8 внутренняя";"0 … 1.0";"Сжатый воздух";"0 ... +60";Латунь;NBR;Прямой;212.30;"0 шт"
ZPMF06-02G;"Цанговый штуцер 6 мм";"G1/4 внутренняя";"0 … 1.0";"Сжатый воздух";"0 ... +60";Латунь;NBR;Прямой;161.17;"0 шт"
ZPMF06-01G;"Цанговый штуцер 6 мм";"G1/8 внутренняя";"0 … 1.0";"Сжатый воздух";"0 ... +60";Латунь;NBR;Прямой;146.93;"0 шт"
ZPMF04-02G;"Цанговый штуцер 4 мм";"G1/4 внутренняя";"0 … 1.0";"Сжатый воздух";"0 ... +60";Латунь;NBR;Прямой;175.41;"0 шт"
ZPHF12-03G;"Цанговый штуцер 12 мм";G3/8;"0 … 1.0";"Сжатый воздух";"0 ... +60";Полимер;NBR;Угловой;271.20;"0 шт"
ZPHF12-02G;"Цанговый штуцер 12 мм";G1/4;"0 … 1.0";"Сжатый воздух";"0 ... +60";Полимер;NBR;Угловой;271.20;"0 шт"
ZPHF10-01G;"Цанговый штуцер 10 мм";G1/8;"0 … 1.0";"Сжатый воздух";"0 ... +60";Полимер;NBR;Угловой;226.54;"0 шт"
ZPHF08-04G;"Цанговый штуцер 8 мм";G1/2;"0 … 1.0";"Сжатый воздух";"0 ... +60";Полимер;NBR;Угловой;296.44;"0 шт"
ZPHF08-03G;"Цанговый штуцер 8 мм";G3/8;"0 … 1.0";"Сжатый воздух";"0 ... +60";Полимер;NBR;Угловой;220.71;"0 шт"
ZPHF08-01G;"Цанговый штуцер 8 мм";G1/8;"0 … 1.0";"Сжатый воздух";"0 ... +60";Полимер;NBR;Угловой;181.23;"0 шт"
ZPHF06-04G;"Цанговый штуцер 6 мм";G1/2;"0 … 1.0";"Сжатый воздух";"0 ... +60";Полимер;NBR;Угловой;293.85;"0 шт"
ZPHF06-03G;"Цанговый штуцер 6 мм";G3/8;"0 … 1.0";"Сжатый воздух";"0 ... +60";Полимер;NBR;Угловой;223.30;"0 шт"
ZPHF04-02G;"Цанговый штуцер 4 мм";G1/4;"0 … 1.0";"Сжатый воздух";"0 ... +60";Полимер;NBR;Угловой;172.82;"0 шт"
ZPH10-01G;"Цанговый штуцер 10 мм";G1/8;"0 … 1.0";"Сжатый воздух";"0 ... +60";Полимер;NBR;Угловой;226.54;"0 шт"
ZPH08-04G;"Цанговый штуцер 8 мм";G1/2;"0 … 1.0";"Сжатый воздух";"0 ... +60";Полимер;NBR;Угловой;296.44;"0 шт"
ZPH06-04G;"Цанговый штуцер 6 мм";G1/2;"0 … 1.0";"Сжатый воздух";"0 ... +60";Полимер;NBR;Угловой;293.85;"0 шт"
ZPH06-03G;"Цанговый штуцер 6 мм";G3/8;"0 … 1.0";"Сжатый воздух";"0 ... +60";Полимер;NBR;Угловой;223.30;"0 шт"
ZPH04-02G;"Цанговый штуцер 4 мм";G1/4;"0 … 1.0";"Сжатый воздух";"0 ... +60";Полимер;NBR;Угловой;172.82;"0 шт"
ZPWT14-04G;"Цанговый штуцер 14 мм";G1/2;"0 … 1.0";"Сжатый воздух";"0 ... +60";Полимер;NBR;Y-образный;429.78;"0 шт"
ZPWT14-03G;"Цанговый штуцер 14 мм";G3/8;"0 … 1.0";"Сжатый воздух";"0 ... +60";Полимер;NBR;Y-образный;429.78;"0 шт"
ZPWT12-02G;"Цанговый штуцер 12 мм";G1/4;"0 … 1.0";"Сжатый воздух";"0 ... +60";Полимер;NBR;Y-образный;187.06;"0 шт"
ZPWT12-01G;"Цанговый штуцер 12 мм";G1/8;"0 … 1.0";"Сжатый воздух";"0 ... +60";Полимер;NBR;Y-образный;181.23;"0 шт"
ZPWT10-04G;"Цанговый штуцер 10 мм";G1/2;"0 … 1.0";"Сжатый воздух";"0 ... +60";Полимер;NBR;Y-образный;206.47;"0 шт"
ZPWT08-04G;"Цанговый штуцер 8 мм";G1/2;"0 … 1.0";"Сжатый воздух";"0 ... +60";Полимер;NBR;Y-образный;201.30;"0 шт"
ZPWT06-03G;"Цанговый штуцер 6 мм";G3/8;"0 … 1.0";"Сжатый воздух";"0 ... +60";Полимер;NBR;Y-образный;152.75;"0 шт"
ZPLL16-03G;"Цанговый штуцер 16 мм";G3/8;"0 … 1.0";"Сжатый воздух";"0 ... +60";Полимер;NBR;Угловой;463.43;"0 шт"
ZPLL14-04G;"Цанговый штуцер 14 мм";G1/2;"0 … 1.0";"Сжатый воздух";"0 ... +60";Полимер;NBR;Угловой;441.43;"0 шт"
ZPLL14-03G;"Цанговый штуцер 14 мм";G3/8;"0 … 1.0";"Сжатый воздух";"0 ... +60";Полимер;NBR;Угловой;441.43;"0 шт"
ZPLL12-04G;"Цанговый штуцер 12 мм";G1/2;"0 … 1.0";"Сжатый воздух";"0 ... +60";Полимер;NBR;Угловой;288.03;"0 шт"
ZPLL10-04G;"Цанговый штуцер 10 мм";G1/2;"0 … 1.0";"Сжатый воздух";"0 ... +60";Полимер;NBR;Угловой;265.37;"0 шт"
ZPLL08-04G;"Цанговый штуцер 8 мм";G1/2;"0 … 1.0";"Сжатый воздух";"0 ... +60";Полимер;NBR;Угловой;214.89;"0 шт"
ZPLL08-03G;"Цанговый штуцер 8 мм";G3/8;"0 … 1.0";"Сжатый воздух";"0 ... +60";Полимер;NBR;Угловой;135.92;"0 шт"
ZPLL06-04G;"Цанговый штуцер 6 мм";G1/2;"0 … 1.0";"Сжатый воздух";"0 ... +60";Полимер;NBR;Угловой;201.30;"0 шт"
ZPLL06-03G;"Цанговый штуцер 6 мм";G3/8;"0 … 1.0";"Сжатый воздух";"0 ... +60";Полимер;NBR;Угловой;130.75;"0 шт"
ZPLL04-02G;"Цанговый штуцер 4 мм";G1/4;"0 … 1.0";"Сжатый воздух";"0 ... +60";Полимер;NBR;Угловой;104.60;"0 шт"
ZPCF16-02G;"Цанговый штуцер 16 мм";"G1/4 внутренняя";"0 … 1.0";"Сжатый воздух";"0 ... +60";Латунь;NBR;Прямой;367.64;"0 шт"
ZPCF14-02G;"Цанговый штуцер 14 мм";"G1/4 внутренняя";"0 … 1.0";"Сжатый воздух";"0 ... +60";Латунь;NBR;Прямой;353.40;"0 шт"
ZPCF12-01G;"Цанговый штуцер 12 мм";"G1/8 внутренняя";"0 … 1.0";"Сжатый воздух";"0 ... +60";Латунь;NBR;Прямой;169.58;"0 шт"
ZPCF08-04G;"Цанговый штуцер 8 мм";"G1/2 внутренняя";"0 … 1.0";"Сжатый воздух";"0 ... +60";Латунь;NBR;Прямой;181.23;"0 шт"
ZPCF06-04G;"Цанговый штуцер 6 мм";"G1/2 внутренняя";"0 … 1.0";"Сжатый воздух";"0 ... +60";Латунь;NBR;Прямой;169.58;"0 шт"
ZPCF04-02G;"Цанговый штуцер 4 мм";"G1/4 внутренняя";"0 … 1.0";"Сжатый воздух";"0 ... +60";Латунь;NBR;Прямой;98.77;"0 шт"
ZPOC16-04G;"Цанговый штуцер 16 мм";G1/2;"0 … 1.0";"Сжатый воздух";"0 ... +60";Латунь;NBR;Прямой;364.40;"0 шт"
ZPOC16-03G;"Цанговый штуцер 16 мм";G3/8;"0 … 1.0";"Сжатый воздух";"0 ... +60";Латунь;NBR;Прямой;364.40;"0 шт"
ZPOC14-04G;"Цанговый штуцер 14 мм";G1/2;"0 … 1.0";"Сжатый воздух";"0 ... +60";Латунь;NBR;Прямой;319.74;"0 шт"
ZPOC14-03G;"Цанговый штуцер 14 мм";G3/8;"0 … 1.0";"Сжатый воздух";"0 ... +60";Латунь;NBR;Прямой;319.74;"0 шт"
ZPOC12-04G;"Цанговый штуцер 12 мм";G1/2;"0 … 1.0";"Сжатый воздух";"0 ... +60";Латунь;NBR;Прямой;175.41;"0 шт"
ZPOC12-01G;"Цанговый штуцер 12 мм";G1/8;"0 … 1.0";"Сжатый воздух";"0 ... +60";Латунь;NBR;Прямой;121.68;"0 шт"
ZPOC06-04G;"Цанговый штуцер 6 мм";G1/2;"0 … 1.0";"Сжатый воздух";"0 ... +60";Латунь;NBR;Прямой;172.82;"0 шт"
ZPOC06-03G;"Цанговый штуцер 6 мм";G3/8;"0 … 1.0";"Сжатый воздух";"0 ... +60";Латунь;NBR;Прямой;101.88;"0 шт"
ZPOC04-02G;"Цанговый штуцер 4 мм";G1/4;"0 … 1.0";"Сжатый воздух";"0 ... +60";Латунь;NBR;Прямой;70.81;"0 шт"
ZPOC04-01G;"Цанговый штуцер 4 мм";G1/8;"0 … 1.0";"Сжатый воздух";"0 ... +60";Латунь;NBR;Прямой;70.81;"0 шт"
ZPWT04-02G;"Цанговый штуцер 4 мм";G1/4;"0 … 1.0";"Сжатый воздух";"0 ... +60";Полимер;NBR;Y-образный;107.31;"0 шт"
ZPBF16-04G;"Цанговый штуцер 16 мм";"G1/2 внутренняя";"0 … 1.0";"Сжатый воздух";"0 ... +60";Полимер;NBR;Т-образный;486.09;"0 шт"
ZPBF16-03G;"Цанговый штуцер 16 мм";"G3/8 внутренняя";"0 … 1.0";"Сжатый воздух";"0 ... +60";Полимер;NBR;Т-образный;486.09;"0 шт"
ZPBF14-04G;"Цанговый штуцер 14 мм";"G1/2 внутренняя";"0 … 1.0";"Сжатый воздух";"0 ... +60";Полимер;NBR;Т-образный;460.85;"0 шт"
ZPBF14-03G;"Цанговый штуцер 14 мм";"G3/8 внутренняя";"0 … 1.0";"Сжатый воздух";"0 ... +60";Полимер;NBR;Т-образный;460.85;"0 шт"
ZPBF12-04G;"Цанговый штуцер 12 мм";"G1/2 внутренняя";"0 … 1.0";"Сжатый воздух";"0 ... +60";Полимер;NBR;Т-образный;286.09;"0 шт"
ZPBF12-03G;"Цанговый штуцер 12 мм";"G3/8 внутренняя";"0 … 1.0";"Сжатый воздух";"0 ... +60";Полимер;NBR;Т-образный;240.13;"0 шт"
ZPBF12-02G;"Цанговый штуцер 12 мм";"G1/4 внутренняя";"0 … 1.0";"Сжатый воздух";"0 ... +60";Полимер;NBR;Т-образный;226.54;"0 шт"
ZPBF12-01G;"Цанговый штуцер 12 мм";"G1/8 внутренняя";"0 … 1.0";"Сжатый воздух";"0 ... +60";Полимер;NBR;Т-образный;169.58;"0 шт"
ZPBF10-04G;"Цанговый штуцер 10 мм";"G1/2 внутренняя";"0 … 1.0";"Сжатый воздух";"0 ... +60";Полимер;NBR;Т-образный;260.20;"0 шт"
ZPBF10-03G;"Цанговый штуцер 10 мм";"G3/8 внутренняя";"0 … 1.0";"Сжатый воздух";"0 ... +60";Полимер;NBR;Т-образный;206.47;"0 шт"
ZPBF10-02G;"Цанговый штуцер 10 мм";"G1/4 внутренняя";"0 … 1.0";"Сжатый воздух";"0 ... +60";Полимер;NBR;Т-образный;172.82;"0 шт"
ZPBF10-01G;"Цанговый штуцер 10 мм";"G1/8 внутренняя";"0 … 1.0";"Сжатый воздух";"0 ... +60";Полимер;NBR;Т-образный;133.33;"0 шт"
ZPBF08-04G;"Цанговый штуцер 8 мм";"G1/2 внутренняя";"0 … 1.0";"Сжатый воздух";"0 ... +60";Полимер;NBR;Т-образный;231.72;"0 шт"
ZPBF08-03G;"Цанговый штуцер 8 мм";"G3/8 внутренняя";"0 … 1.0";"Сжатый воздух";"0 ... +60";Полимер;NBR;Т-образный;187.06;"0 шт"
ZPBF08-02G;"Цанговый штуцер 8 мм";"G1/4 внутренняя";"0 … 1.0";"Сжатый воздух";"0 ... +60";Полимер;NBR;Т-образный;155.99;"0 шт"
ZPBF08-01G;"Цанговый штуцер 8 мм";"G1/8 внутренняя";"0 … 1.0";"Сжатый воздух";"0 ... +60";Полимер;NBR;Т-образный;133.33;"0 шт"
ZPBF06-04G;"Цанговый штуцер 6 мм";"G1/2 внутренняя";"0 … 1.0";"Сжатый воздух";"0 ... +60";Полимер;NBR;Т-образный;223.30;"0 шт"
ZPBF06-03G;"Цанговый штуцер 6 мм";"G3/8 внутренняя";"0 … 1.0";"Сжатый воздух";"0 ... +60";Полимер;NBR;Т-образный;189.65;"0 шт"
ZPBF06-02G;"Цанговый штуцер 6 мм";"G1/4 внутренняя";"0 … 1.0";"Сжатый воздух";"0 ... +60";Полимер;NBR;Т-образный;144.34;"0 шт"
ZPBF06-01G;"Цанговый штуцер 6 мм";"G1/8 внутренняя";"0 … 1.0";"Сжатый воздух";"0 ... +60";Полимер;NBR;Т-образный;118.58;"0 шт"
ZPBF04-02G;"Цанговый штуцер 4 мм";"G1/4 внутренняя";"0 … 1.0";"Сжатый воздух";"0 ... +60";Полимер;NBR;Т-образный;138.51;"0 шт"
ZPBF04-01G;"Цанговый штуцер 4 мм";"G1/8 внутренняя";"0 … 1.0";"Сжатый воздух";"0 ... +60";Полимер;NBR;Т-образный;113.14;"0 шт"
ZPB14-02G;"Цанговый штуцер 14 мм";G1/4;"0 … 1.0";"Сжатый воздух";"0 ... +60";Полимер;NBR;Т-образный;449.19;"0 шт"
ZPB12-01G;"Цанговый штуцер 12 мм";G1/8;"0 … 1.0";"Сжатый воздух";"0 ... +60";Полимер;NBR;Т-образный;181.23;"0 шт"
ZPB10-04G;"Цанговый штуцер 10 мм";G1/2;"0 … 1.0";"Сжатый воздух";"0 ... +60";Полимер;NBR;Т-образный;206.47;"0 шт"
ZPB06-04G;"Цанговый штуцер 6 мм";G1/2;"0 … 1.0";"Сжатый воздух";"0 ... +60";Полимер;NBR;Т-образный;189.65;"0 шт"
ZPB06-03G;"Цанговый штуцер 6 мм";G3/8;"0 … 1.0";"Сжатый воздух";"0 ... +60";Полимер;NBR;Т-образный;152.75;"0 шт"
ZPB04-02G;"Цанговый штуцер 4 мм";G1/4;"0 … 1.0";"Сжатый воздух";"0 ... +60";Полимер;NBR;Т-образный;107.31;"0 шт"
ZPD16-03G;"Цанговый штуцер 16 мм";G3/8;"0 … 1.0";"Сжатый воздух";"0 ... +60";Полимер;NBR;Т-образный;452.43;"0 шт"
ZPD16-02G;"Цанговый штуцер 16 мм";G1/4;"0 … 1.0";"Сжатый воздух";"0 ... +60";Полимер;NBR;Т-образный;330.75;"0 шт"
ZPD14-04G;"Цанговый штуцер 14 мм";G1/2;"0 … 1.0";"Сжатый воздух";"0 ... +60";Полимер;NBR;Т-образный;429.78;"0 шт"
ZPD14-03G;"Цанговый штуцер 14 мм";G3/8;"0 … 1.0";"Сжатый воздух";"0 ... +60";Полимер;NBR;Т-образный;429.78;"0 шт"
ZPD14-02G;"Цанговый штуцер 14 мм";G1/4;"0 … 1.0";"Сжатый воздух";"0 ... +60";Полимер;NBR;Т-образный;311.33;"0 шт"
ZPD12-02G;"Цанговый штуцер 12 мм";G1/4;"0 … 1.0";"Сжатый воздух";"0 ... +60";Полимер;NBR;Т-образный;187.06;"0 шт"
ZPD12-01G;"Цанговый штуцер 12 мм";G1/8;"0 … 1.0";"Сжатый воздух";"0 ... +60";Полимер;NBR;Т-образный;181.23;"0 шт"
ZPD10-04G;"Цанговый штуцер 10 мм";G1/2;"0 … 1.0";"Сжатый воздух";"0 ... +60";Полимер;NBR;Т-образный;206.47;"0 шт"
ZPD10-01G;"Цанговый штуцер 10 мм";G1/8;"0 … 1.0";"Сжатый воздух";"0 ... +60";Полимер;NBR;Т-образный;138.51;"0 шт"
ZPD08-04G;"Цанговый штуцер 8 мм";G1/2;"0 … 1.0";"Сжатый воздух";"0 ... +60";Полимер;NBR;Т-образный;201.30;"0 шт"
ZPD06-04G;"Цанговый штуцер 6 мм";G1/2;"0 … 1.0";"Сжатый воздух";"0 ... +60";Полимер;NBR;Т-образный;189.65;"0 шт"
ZPD06-03G;"Цанговый штуцер 6 мм";G3/8;"0 … 1.0";"Сжатый воздух";"0 ... +60";Полимер;NBR;Т-образный;152.75;"0 шт"
ZPD04-02G;"Цанговый штуцер 4 мм";G1/4;"0 … 1.0";"Сжатый воздух";"0 ... +60";Полимер;NBR;Т-образный;107.31;"0 шт"
ZPD04-01G;"Цанговый штуцер 4 мм";G1/8;"0 … 1.0";"Сжатый воздух";"0 ... +60";Полимер;NBR;Т-образный;107.31;"0 шт"
ZPLF16-04G;"Цанговый штуцер 16 мм";"G1/2 внутренняя";"0 … 1.0";"Сжатый воздух";"0 ... +60";Полимер;NBR;Угловой;53.72;"0 шт"
ZPLF16-03G;"Цанговый штуцер 16 мм";"G3/8 внутренняя";"0 … 1.0";"Сжатый воздух";"0 ... +60";Полимер;NBR;Угловой;53.72;"0 шт"
ZPLF16-02G;"Цанговый штуцер 16 мм";"G1/4 внутренняя";"0 … 1.0";"Сжатый воздух";"0 ... +60";Полимер;NBR;Угловой;469.26;"0 шт"
ZPLF14-04G;"Цанговый штуцер 14 мм";"G1/2 внутренняя";"0 … 1.0";"Сжатый воздух";"0 ... +60";Полимер;NBR;Угловой;51;"0 шт"
ZPLF14-03G;"Цанговый штуцер 14 мм";"G3/8 внутренняя";"0 … 1.0";"Сжатый воздух";"0 ... +60";Полимер;NBR;Угловой;51;"0 шт"
ZPLF14-02G;"Цанговый штуцер 14 мм";"G1/4 внутренняя";"0 … 1.0";"Сжатый воздух";"0 ... +60";Полимер;NBR;Угловой;441.43;"0 шт"
ZPLF12-03G;"Цанговый штуцер 12 мм";"G3/8 внутренняя";"0 … 1.0";"Сжатый воздух";"0 ... +60";Полимер;NBR;Угловой;201.30;"0 шт"
ZPLF12-02G;"Цанговый штуцер 12 мм";"G1/4 внутренняя";"0 … 1.0";"Сжатый воздух";"0 ... +60";Полимер;NBR;Угловой;201.30;"0 шт"
ZPLF12-01G;"Цанговый штуцер 12 мм";"G1/8 внутренняя";"0 … 1.0";"Сжатый воздух";"0 ... +60";Полимер;NBR;Угловой;169.58;"0 шт"
ZPLF10-04G;"Цанговый штуцер 10 мм";"G1/2 внутренняя";"0 … 1.0";"Сжатый воздух";"0 ... +60";Полимер;NBR;Угловой;218.12;"0 шт"
ZPLF10-01G;"Цанговый штуцер 10 мм";"G1/8 внутренняя";"0 … 1.0";"Сжатый воздух";"0 ... +60";Полимер;NBR;Угловой;115.86;"0 шт"
ZPLF08-04G;"Цанговый штуцер 8 мм";"G1/2 внутренняя";"0 … 1.0";"Сжатый воздух";"0 ... +60";Полимер;NBR;Угловой;203.24;"0 шт"
ZPC14-02G;"Цанговый штуцер 14 мм";G1/4;"0 … 1.0";"Сжатый воздух";"0 ... +60";Латунь;NBR;Прямой;260.20;"0 шт"
ZPL06-M5C;"Цанговый штуцер 6 мм";М5;"0 … 1.0";"Сжатый воздух";"0 ... +60";Полимер;NBR;Угловой;135.28;"0 шт"
ZPP04;"Втулка под цанговый штуцер 4 мм";-;"0 … 1.0";"Сжатый воздух";"0 ... +60";Полимер;NBR;Заглушка;28.48;"0 шт"
ZPZA06;"Цанговый штуцер 6 мм";-;"0 … 1.0";"Сжатый воздух";"0 ... +60";Полимер;NBR;X-образный;110.03;"0 шт"
ZPLF10-02G;"Цанговый штуцер 10 мм";"G1/4 внутренняя";"0 … 1.0";"Сжатый воздух";"0 ... +60";Полимер;NBR;Угловой;146.93;"0 шт"
ZPCF06-01P;"Цанговый штуцер 6 мм";"R1/8 внутренняя";"0 … 1.0";"Сжатый воздух";"0 ... +60";Латунь;NBR;Прямой;73.53;"0 шт"
ZPCF06-M6;"Цанговый штуцер 6 мм";"М6 внутренняя";"0 … 1.0";"Сжатый воздух";"0 ... +60";Латунь;NBR;Прямой;73.53;"0 шт"
ZPCF06-M5;"Цанговый штуцер 6 мм";"М5 внутренняя";"0 … 1.0";"Сжатый воздух";"0 ... +60";Латунь;NBR;Прямой;73.53;"0 шт"
ZPCF04-02P;"Цанговый штуцер 4 мм";"R1/4 внутренняя";"0 … 1.0";"Сжатый воздух";"0 ... +60";Латунь;NBR;Прямой;90.10;"0 шт"
ZPCF04-01P;"Цанговый штуцер 4 мм";"R1/8 внутренняя";"0 … 1.0";"Сжатый воздух";"0 ... +60";Латунь;NBR;Прямой;73.53;"0 шт"
ZPCF04-M6;"Цанговый штуцер 4 мм";"М6 внутренняя";"0 … 1.0";"Сжатый воздух";"0 ... +60";Латунь;NBR;Прямой;73.53;"0 шт"
ZPCF04-M5;"Цанговый штуцер 4 мм";"М5 внутренняя";"0 … 1.0";"Сжатый воздух";"0 ... +60";Латунь;NBR;Прямой;73.53;"0 шт"
ZPOC16-04P;"Цанговый штуцер 16 мм";R1/2;"0 … 1.0";"Сжатый воздух";"0 ... +60";Латунь;NBR;Прямой;333.98;"0 шт"
ZPOC16-03P;"Цанговый штуцер 16 мм";R3/8;"0 … 1.0";"Сжатый воздух";"0 ... +60";Латунь;NBR;Прямой;333.98;"0 шт"
ZPOC14-04P;"Цанговый штуцер 14 мм";R1/2;"0 … 1.0";"Сжатый воздух";"0 ... +60";Латунь;NBR;Прямой;292.56;"0 шт"
ZPOC14-03P;"Цанговый штуцер 14 мм";R3/8;"0 … 1.0";"Сжатый воздух";"0 ... +60";Латунь;NBR;Прямой;292.56;"0 шт"
ZPOC12-04P;"Цанговый штуцер 12 мм";R1/2;"0 … 1.0";"Сжатый воздух";"0 ... +60";Латунь;NBR;Прямой;161.17;"0 шт"
ZPOC12-03P;"Цанговый штуцер 12 мм";R3/8;"0 … 1.0";"Сжатый воздух";"0 ... +60";Латунь;NBR;Прямой;133.33;"0 шт"
ZPOC12-01P;"Цанговый штуцер 12 мм";R1/8;"0 … 1.0";"Сжатый воздух";"0 ... +60";Латунь;NBR;Прямой;113.14;"0 шт"
ZPOC10-04P;"Цанговый штуцер 10 мм";R1/2;"0 … 1.0";"Сжатый воздух";"0 ... +60";Латунь;NBR;Прямой;158.58;"0 шт"
ZPOC10-03P;"Цанговый штуцер 10 мм";R3/8;"0 … 1.0";"Сжатый воздух";"0 ... +60";Латунь;NBR;Прямой;107.31;"0 шт"
ZPOC10-02P;"Цанговый штуцер 10 мм";R1/4;"0 … 1.0";"Сжатый воздух";"0 ... +60";Латунь;NBR;Прямой;98.77;"0 шт"
ZPOC10-01P;"Цанговый штуцер 10 мм";R1/8;"0 … 1.0";"Сжатый воздух";"0 ... +60";Латунь;NBR;Прямой;96.05;"0 шт"
ZPOC08-04P;"Цанговый штуцер 8 мм";R1/2;"0 … 1.0";"Сжатый воздух";"0 ... +60";Латунь;NBR;Прямой;158.58;"0 шт"
ZPOC08-03P;"Цанговый штуцер 8 мм";R3/8;"0 … 1.0";"Сжатый воздух";"0 ... +60";Латунь;NBR;Прямой;96.05;"0 шт"
ZPOC08-02P;"Цанговый штуцер 8 мм";R1/4;"0 … 1.0";"Сжатый воздух";"0 ... +60";Латунь;NBR;Прямой;67.57;"0 шт"
ZPOC06-04P;"Цанговый штуцер 6 мм";R1/2;"0 … 1.0";"Сжатый воздух";"0 ... +60";Латунь;NBR;Прямой;158.58;"0 шт"
ZPOC06-03P;"Цанговый штуцер 6 мм";R3/8;"0 … 1.0";"Сжатый воздух";"0 ... +60";Латунь;NBR;Прямой;93.33;"0 шт"
ZPOC06-02P;"Цанговый штуцер 6 мм";R1/4;"0 … 1.0";"Сжатый воздух";"0 ... +60";Латунь;NBR;Прямой;67.57;"0 шт"
ZPOC06-M6;"Цанговый штуцер 6 мм";М6;"0 … 1.0";"Сжатый воздух";"0 ... +60";Латунь;NBR;Прямой;64.98;"0 шт"
ZPOC04-02P;"Цанговый штуцер 4 мм";R1/4;"0 … 1.0";"Сжатый воздух";"0 ... +60";Латунь;NBR;Прямой;64.98;"0 шт"
ZPOC04-01P;"Цанговый штуцер 4 мм";R1/8;"0 … 1.0";"Сжатый воздух";"0 ... +60";Латунь;NBR;Прямой;64.98;"0 шт"
ZPOC04-M6;"Цанговый штуцер 4 мм";М6;"0 … 1.0";"Сжатый воздух";"0 ... +60";Латунь;NBR;Прямой;64.98;"0 шт"
ZPC16-02P;"Цанговый штуцер 16 мм";R1/4;"0 … 1.0";"Сжатый воздух";"0 ... +60";Латунь;NBR;Прямой;249.19;"0 шт"
ZPLF16-03P;"Цанговый штуцер 16 мм";"R3/8 внутренняя";"0 … 1.0";"Сжатый воздух";"0 ... +60";Полимер;NBR;Угловой;51;"0 шт"
ZPLF14-04P;"Цанговый штуцер 14 мм";"R1/2 внутренняя";"0 … 1.0";"Сжатый воздух";"0 ... +60";Полимер;NBR;Угловой;45.57;"0 шт"
ZPLF14-03P;"Цанговый штуцер 14 мм";"R3/8 внутренняя";"0 … 1.0";"Сжатый воздух";"0 ... +60";Полимер;NBR;Угловой;45.57;"0 шт"
ZPLF12-04P;"Цанговый штуцер 12 мм";"R1/2 внутренняя";"0 … 1.0";"Сжатый воздух";"0 ... +60";Полимер;NBR;Угловой;220.71;"0 шт"
ZPLF12-03P;"Цанговый штуцер 12 мм";"R3/8 внутренняя";"0 … 1.0";"Сжатый воздух";"0 ... +60";Полимер;NBR;Угловой;183.82;"0 шт"
ZPLF12-02P;"Цанговый штуцер 12 мм";"R1/4 внутренняя";"0 … 1.0";"Сжатый воздух";"0 ... +60";Полимер;NBR;Угловой;181.23;"0 шт"
ZPLF12-01P;"Цанговый штуцер 12 мм";"R1/8 внутренняя";"0 … 1.0";"Сжатый воздух";"0 ... +60";Полимер;NBR;Угловой;152.75;"0 шт"
ZPLF10-04P;"Цанговый штуцер 10 мм";"R1/2 внутренняя";"0 … 1.0";"Сжатый воздух";"0 ... +60";Полимер;NBR;Угловой;198.06;"0 шт"
ZPLF10-03P;"Цанговый штуцер 10 мм";"R3/8 внутренняя";"0 … 1.0";"Сжатый воздух";"0 ... +60";Полимер;NBR;Угловой;155.99;"0 шт"
ZPLF10-02P;"Цанговый штуцер 10 мм";"R1/4 внутренняя";"0 … 1.0";"Сжатый воздух";"0 ... +60";Полимер;NBR;Угловой;133.33;"0 шт"
ZPLF10-01P;"Цанговый штуцер 10 мм";"R1/8 внутренняя";"0 … 1.0";"Сжатый воздух";"0 ... +60";Полимер;NBR;Угловой;107.31;"0 шт"
ZPLF08-04P;"Цанговый штуцер 8 мм";"R1/2 внутренняя";"0 … 1.0";"Сжатый воздух";"0 ... +60";Полимер;NBR;Угловой;187.06;"0 шт"
ZPLF08-03P;"Цанговый штуцер 8 мм";"R3/8 внутренняя";"0 … 1.0";"Сжатый воздух";"0 ... +60";Полимер;NBR;Угловой;141.75;"0 шт"
ZPLF08-02P;"Цанговый штуцер 8 мм";"R1/4 внутренняя";"0 … 1.0";"Сжатый воздух";"0 ... +60";Полимер;NBR;Угловой;118.58;"0 шт"
ZPLF08-01P;"Цанговый штуцер 8 мм";"R1/8 внутренняя";"0 … 1.0";"Сжатый воздух";"0 ... +60";Полимер;NBR;Угловой;96.05;"0 шт"
ZPLF06-04P;"Цанговый штуцер 6 мм";"R1/2 внутренняя";"0 … 1.0";"Сжатый воздух";"0 ... +60";Полимер;NBR;Угловой;175.41;"0 шт"
ZPLF06-03P;"Цанговый штуцер 6 мм";"R3/8 внутренняя";"0 … 1.0";"Сжатый воздух";"0 ... +60";Полимер;NBR;Угловой;141.75;"0 шт"
ZPLF06-02P;"Цанговый штуцер 6 мм";"R1/4 внутренняя";"0 … 1.0";"Сжатый воздух";"0 ... +60";Полимер;NBR;Угловой;107.31;"0 шт"
ZPLF06-01P;"Цанговый штуцер 6 мм";"R1/8 внутренняя";"0 … 1.0";"Сжатый воздух";"0 ... +60";Полимер;NBR;Угловой;90.10;"0 шт"
ZPLF06-M6;"Цанговый штуцер 6 мм";"М6 внутренняя";"0 … 1.0";"Сжатый воздух";"0 ... +60";Полимер;NBR;Угловой;90.10;"0 шт"
ZPLF06-M5;"Цанговый штуцер 6 мм";"М5 внутренняя";"0 … 1.0";"Сжатый воздух";"0 ... +60";Полимер;NBR;Угловой;90.10;"0 шт"
ZPLF04-02P;"Цанговый штуцер 4 мм";"R1/4 внутренняя";"0 … 1.0";"Сжатый воздух";"0 ... +60";Полимер;NBR;Угловой;104.60;"0 шт"
ZPLF04-01P;"Цанговый штуцер 4 мм";"R1/8 внутренняя";"0 … 1.0";"Сжатый воздух";"0 ... +60";Полимер;NBR;Угловой;90.10;"0 шт"
ZPLF04-M6;"Цанговый штуцер 4 мм";"М6 внутренняя";"0 … 1.0";"Сжатый воздух";"0 ... +60";Полимер;NBR;Угловой;90.10;"0 шт"
ZPLF04-M5;"Цанговый штуцер 4 мм";"М5 внутренняя";"0 … 1.0";"Сжатый воздух";"0 ... +60";Полимер;NBR;Угловой;90.10;"0 шт"
ZPLL16-04P;"Цанговый штуцер 16 мм";R1/2;"0 … 1.0";"Сжатый воздух";"0 ... +60";Полимер;NBR;Угловой;423.95;"0 шт"
ZPLL16-03P;"Цанговый штуцер 16 мм";R3/8;"0 … 1.0";"Сжатый воздух";"0 ... +60";Полимер;NBR;Угловой;423.95;"0 шт"
ZPLL14-04P;"Цанговый штуцер 14 мм";R1/2;"0 … 1.0";"Сжатый воздух";"0 ... +60";Полимер;NBR;Угловой;401.30;"0 шт"
ZPLL14-03P;"Цанговый штуцер 14 мм";R3/8;"0 … 1.0";"Сжатый воздух";"0 ... +60";Полимер;NBR;Угловой;401.30;"0 шт"
ZPLL12-04P;"Цанговый штуцер 12 мм";R1/2;"0 … 1.0";"Сжатый воздух";"0 ... +60";Полимер;NBR;Угловой;260.20;"0 шт"
ZPLL12-03P;"Цанговый штуцер 12 мм";R3/8;"0 … 1.0";"Сжатый воздух";"0 ... +60";Полимер;NBR;Угловой;237.54;"0 шт"
ZPLL12-02P;"Цанговый штуцер 12 мм";R1/4;"0 … 1.0";"Сжатый воздух";"0 ... +60";Полимер;NBR;Угловой;282.85;"0 шт"
ZPLL10-04P;"Цанговый штуцер 10 мм";R1/2;"0 … 1.0";"Сжатый воздух";"0 ... +60";Полимер;NBR;Угловой;240.13;"0 шт"
ZPLL10-03P;"Цанговый штуцер 10 мм";R3/8;"0 … 1.0";"Сжатый воздух";"0 ... +60";Полимер;NBR;Угловой;164.40;"0 шт"
ZPLL10-02P;"Цанговый штуцер 10 мм";R1/4;"0 … 1.0";"Сжатый воздух";"0 ... +60";Полимер;NBR;Угловой;166.99;"0 шт"
ZPLL10-01P;"Цанговый штуцер 10 мм";R1/8;"0 … 1.0";"Сжатый воздух";"0 ... +60";Полимер;NBR;Угловой;166.99;"0 шт"
ZPLL08-04P;"Цанговый штуцер 8 мм";R1/2;"0 … 1.0";"Сжатый воздух";"0 ... +60";Полимер;NBR;Угловой;194.82;"0 шт"
ZPLL08-03P;"Цанговый штуцер 8 мм";R3/8;"0 … 1.0";"Сжатый воздух";"0 ... +60";Полимер;NBR;Угловой;124.40;"0 шт"
ZPLL08-02P;"Цанговый штуцер 8 мм";R1/4;"0 … 1.0";"Сжатый воздух";"0 ... +60";Полимер;NBR;Угловой;104.60;"0 шт"
ZPLL08-01P;"Цанговый штуцер 8 мм";R1/8;"0 … 1.0";"Сжатый воздух";"0 ... +60";Полимер;NBR;Угловой;104.60;"0 шт"
ZPLL06-04P;"Цанговый штуцер 6 мм";R1/2;"0 … 1.0";"Сжатый воздух";"0 ... +60";Полимер;NBR;Угловой;183.82;"0 шт"
ZPLL06-03P;"Цанговый штуцер 6 мм";R3/8;"0 … 1.0";"Сжатый воздух";"0 ... +60";Полимер;NBR;Угловой;118.58;"0 шт"
ZPLL06-01P;"Цанговый штуцер 6 мм";R1/8;"0 … 1.0";"Сжатый воздух";"0 ... +60";Полимер;NBR;Угловой;93.33;"0 шт"
ZPLL06-M6;"Цанговый штуцер 6 мм";М6;"0 … 1.0";"Сжатый воздух";"0 ... +60";Полимер;NBR;Угловой;93.33;"0 шт"
ZPLL06-M5;"Цанговый штуцер 6 мм";М5;"0 … 1.0";"Сжатый воздух";"0 ... +60";Полимер;NBR;Угловой;93.33;"0 шт"
ZPLL04-02P;"Цанговый штуцер 4 мм";R1/4;"0 … 1.0";"Сжатый воздух";"0 ... +60";Полимер;NBR;Угловой;93.33;"0 шт"
ZPLL04-01P;"Цанговый штуцер 4 мм";R1/8;"0 … 1.0";"Сжатый воздух";"0 ... +60";Полимер;NBR;Угловой;93.33;"0 шт"
ZPLL04-M6;"Цанговый штуцер 4 мм";М6;"0 … 1.0";"Сжатый воздух";"0 ... +60";Полимер;NBR;Угловой;93.33;"0 шт"
ZPLL04-M5;"Цанговый штуцер 4 мм";М5;"0 … 1.0";"Сжатый воздух";"0 ... +60";Полимер;NBR;Угловой;93.33;"0 шт"
ZPL16-03P;"Цанговый штуцер 16 мм";R3/8;"0 … 1.0";"Сжатый воздух";"0 ... +60";Полимер;NBR;Угловой;333.98;"0 шт"
ZPL14-04P;"Цанговый штуцер 14 мм";R1/2;"0 … 1.0";"Сжатый воздух";"0 ... +60";Полимер;NBR;Угловой;319.74;"0 шт"
ZPL14-03P;"Цанговый штуцер 14 мм";R3/8;"0 … 1.0";"Сжатый воздух";"0 ... +60";Полимер;NBR;Угловой;319.74;"0 шт"
ZPL12-01P;"Цанговый штуцер 12 мм";R1/8;"0 … 1.0";"Сжатый воздух";"0 ... +60";Полимер;NBR;Угловой;127.12;"0 шт"
ZPL06-04P;"Цанговый штуцер 6 мм";R1/2;"0 … 1.0";"Сжатый воздух";"0 ... +60";Полимер;NBR;Угловой;133.33;"0 шт"
ZPL04-02P;"Цанговый штуцер 4 мм";R1/4;"0 … 1.0";"Сжатый воздух";"0 ... +60";Полимер;NBR;Угловой;67.57;"0 шт"
ZPCF12-04P;"Цанговый штуцер 12 мм";"R1/2 внутренняя";"0 … 1.0";"Сжатый воздух";"0 ... +60";Латунь;NBR;Прямой;192.88;"0 шт"
ZPCF12-03P;"Цанговый штуцер 12 мм";"R3/8 внутренняя";"0 … 1.0";"Сжатый воздух";"0 ... +60";Латунь;NBR;Прямой;158.58;"0 шт"
ZPCF12-02P;"Цанговый штуцер 12 мм";"R1/4 внутренняя";"0 … 1.0";"Сжатый воздух";"0 ... +60";Латунь;NBR;Прямой;164.40;"0 шт"
ZPCF12-01P;"Цанговый штуцер 12 мм";"R1/8 внутренняя";"0 … 1.0";"Сжатый воздух";"0 ... +60";Латунь;NBR;Прямой;152.75;"0 шт"
ZPCF10-04P;"Цанговый штуцер 10 мм";"R1/2 внутренняя";"0 … 1.0";"Сжатый воздух";"0 ... +60";Латунь;NBR;Прямой;172.82;"0 шт"
ZPCF10-02P;"Цанговый штуцер 10 мм";"R1/4 внутренняя";"0 … 1.0";"Сжатый воздух";"0 ... +60";Латунь;NBR;Прямой;110.03;"0 шт"
ZPCF10-01P;"Цанговый штуцер 10 мм";"R1/8 внутренняя";"0 … 1.0";"Сжатый воздух";"0 ... +60";Латунь;NBR;Прямой;107.31;"0 шт"
ZPCF08-04P;"Цанговый штуцер 8 мм";"R1/2 внутренняя";"0 … 1.0";"Сжатый воздух";"0 ... +60";Латунь;NBR;Прямой;164.40;"0 шт"
ZPCF08-02P;"Цанговый штуцер 8 мм";"R1/4 внутренняя";"0 … 1.0";"Сжатый воздух";"0 ... +60";Латунь;NBR;Прямой;101.88;"0 шт"
ZPCF08-01P;"Цанговый штуцер 8 мм";"R1/8 внутренняя";"0 … 1.0";"Сжатый воздух";"0 ... +60";Латунь;NBR;Прямой;73.53;"0 шт"
ZPCF06-04P;"Цанговый штуцер 6 мм";"R1/2 внутренняя";"0 … 1.0";"Сжатый воздух";"0 ... +60";Латунь;NBR;Прямой;152.75;"0 шт"
ZPCF06-02P;"Цанговый штуцер 6 мм";"R1/4 внутренняя";"0 … 1.0";"Сжатый воздух";"0 ... +60";Латунь;NBR;Прямой;93.33;"0 шт"
ZPWT08-03P;"Цанговый штуцер 8 мм";R3/8;"0 … 1.0";"Сжатый воздух";"0 ... +60";Полимер;NBR;Y-образный;141.75;"0 шт"
ZPWT08-02P;"Цанговый штуцер 8 мм";R1/4;"0 … 1.0";"Сжатый воздух";"0 ... +60";Полимер;NBR;Y-образный;113.14;"0 шт"
ZPWT08-01P;"Цанговый штуцер 8 мм";R1/8;"0 … 1.0";"Сжатый воздух";"0 ... +60";Полимер;NBR;Y-образный;113.14;"0 шт"
ZPWT06-04P;"Цанговый штуцер 6 мм";R1/2;"0 … 1.0";"Сжатый воздух";"0 ... +60";Полимер;NBR;Y-образный;172.82;"0 шт"
ZPWT06-03P;"Цанговый штуцер 6 мм";R3/8;"0 … 1.0";"Сжатый воздух";"0 ... +60";Полимер;NBR;Y-образный;138.51;"0 шт"
ZPWT06-M6;"Цанговый штуцер 6 мм";М6;"0 … 1.0";"Сжатый воздух";"0 ... +60";Полимер;NBR;Y-образный;96.05;"0 шт"
ZPWT06-M5;"Цанговый штуцер 6 мм";М5;"0 … 1.0";"Сжатый воздух";"0 ... +60";Полимер;NBR;Y-образный;96.05;"0 шт"
ZPWT04-02P;"Цанговый штуцер 4 мм";R1/4;"0 … 1.0";"Сжатый воздух";"0 ... +60";Полимер;NBR;Y-образный;96.05;"0 шт"
ZPWT04-01P;"Цанговый штуцер 4 мм";R1/8;"0 … 1.0";"Сжатый воздух";"0 ... +60";Полимер;NBR;Y-образный;96.05;"0 шт"
ZPWT04-M6;"Цанговый штуцер 4 мм";М6;"0 … 1.0";"Сжатый воздух";"0 ... +60";Полимер;NBR;Y-образный;96.05;"0 шт"
ZPWT04-M5;"Цанговый штуцер 4 мм";М5;"0 … 1.0";"Сжатый воздух";"0 ... +60";Полимер;NBR;Y-образный;96.05;"0 шт"
ZPBF16-04P;"Цанговый штуцер 16 мм";"R1/2 внутренняя";"0 … 1.0";"Сжатый воздух";"0 ... +60";Полимер;NBR;Т-образный;441.43;"0 шт"
ZPBF16-03P;"Цанговый штуцер 16 мм";"R3/8 внутренняя";"0 … 1.0";"Сжатый воздух";"0 ... +60";Полимер;NBR;Т-образный;441.43;"0 шт"
ZPBF14-04P;"Цанговый штуцер 14 мм";"R1/2 внутренняя";"0 … 1.0";"Сжатый воздух";"0 ... +60";Полимер;NBR;Т-образный;418.13;"0 шт"
ZPBF14-03P;"Цанговый штуцер 14 мм";"R3/8 внутренняя";"0 … 1.0";"Сжатый воздух";"0 ... +60";Полимер;NBR;Т-образный;418.13;"0 шт"
ZPBF12-04P;"Цанговый штуцер 12 мм";"R1/2 внутренняя";"0 … 1.0";"Сжатый воздух";"0 ... +60";Полимер;NBR;Т-образный;260.20;"0 шт"
ZPBF12-03P;"Цанговый штуцер 12 мм";"R3/8 внутренняя";"0 … 1.0";"Сжатый воздух";"0 ... +60";Полимер;NBR;Т-образный;220.71;"0 шт"
ZPBF12-02P;"Цанговый штуцер 12 мм";"R1/4 внутренняя";"0 … 1.0";"Сжатый воздух";"0 ... +60";Полимер;NBR;Т-образный;206.47;"0 шт"
ZPBF12-01P;"Цанговый штуцер 12 мм";"R1/8 внутренняя";"0 … 1.0";"Сжатый воздух";"0 ... +60";Полимер;NBR;Т-образный;152.75;"0 шт"
ZPBF10-04P;"Цанговый штуцер 10 мм";"R1/2 внутренняя";"0 … 1.0";"Сжатый воздух";"0 ... +60";Полимер;NBR;Т-образный;237.54;"0 шт"
ZPBF10-03P;"Цанговый штуцер 10 мм";"R3/8 внутренняя";"0 … 1.0";"Сжатый воздух";"0 ... +60";Полимер;NBR;Т-образный;187.06;"0 шт"
ZPBF10-02P;"Цанговый штуцер 10 мм";"R1/4 внутренняя";"0 … 1.0";"Сжатый воздух";"0 ... +60";Полимер;NBR;Т-образный;158.58;"0 шт"
ZPBF10-01P;"Цанговый штуцер 10 мм";"R1/8 внутренняя";"0 … 1.0";"Сжатый воздух";"0 ... +60";Полимер;NBR;Т-образный;121.68;"0 шт"
ZPBF08-04P;"Цанговый штуцер 8 мм";"R1/2 внутренняя";"0 … 1.0";"Сжатый воздух";"0 ... +60";Полимер;NBR;Т-образный;209.06;"0 шт"
ZPBF08-03P;"Цанговый штуцер 8 мм";"R3/8 внутренняя";"0 … 1.0";"Сжатый воздух";"0 ... +60";Полимер;NBR;Т-образный;169.58;"0 шт"
ZPBF08-02P;"Цанговый штуцер 8 мм";"R1/4 внутренняя";"0 … 1.0";"Сжатый воздух";"0 ... +60";Полимер;NBR;Т-образный;141.75;"0 шт"
ZPBF08-01P;"Цанговый штуцер 8 мм";"R1/8 внутренняя";"0 … 1.0";"Сжатый воздух";"0 ... +60";Полимер;NBR;Т-образный;121.68;"0 шт"
ZPBF06-04P;"Цанговый штуцер 6 мм";"R1/2 внутренняя";"0 … 1.0";"Сжатый воздух";"0 ... +60";Полимер;NBR;Т-образный;203.24;"0 шт"
ZPBF06-03P;"Цанговый штуцер 6 мм";"R3/8 внутренняя";"0 … 1.0";"Сжатый воздух";"0 ... +60";Полимер;NBR;Т-образный;172.82;"0 шт"
ZPBF06-02P;"Цанговый штуцер 6 мм";"R1/4 внутренняя";"0 … 1.0";"Сжатый воздух";"0 ... +60";Полимер;NBR;Т-образный;130.75;"0 шт"
ZPBF06-01P;"Цанговый штуцер 6 мм";"R1/8 внутренняя";"0 … 1.0";"Сжатый воздух";"0 ... +60";Полимер;NBR;Т-образный;110.03;"0 шт"
ZPBF06-M6;"Цанговый штуцер 6 мм";"М6 внутренняя";"0 … 1.0";"Сжатый воздух";"0 ... +60";Полимер;NBR;Т-образный;110.03;"0 шт"
ZPBF06-M5;"Цанговый штуцер 6 мм";"М5 внутренняя";"0 … 1.0";"Сжатый воздух";"0 ... +60";Полимер;NBR;Т-образный;110.03;"0 шт"
ZPBF04-02P;"Цанговый штуцер 4 мм";"R1/4 внутренняя";"0 … 1.0";"Сжатый воздух";"0 ... +60";Полимер;NBR;Т-образный;124.40;"0 шт"
ZPBF04-01P;"Цанговый штуцер 4 мм";"R1/8 внутренняя";"0 … 1.0";"Сжатый воздух";"0 ... +60";Полимер;NBR;Т-образный;104.60;"0 шт"
ZPBF04-M6;"Цанговый штуцер 4 мм";"М6 внутренняя";"0 … 1.0";"Сжатый воздух";"0 ... +60";Полимер;NBR;Т-образный;104.60;"0 шт"
ZPBF04-M5;"Цанговый штуцер 4 мм";"М5 внутренняя";"0 … 1.0";"Сжатый воздух";"0 ... +60";Полимер;NBR;Т-образный;104.60;"0 шт"
ZPB16-04P;"Цанговый штуцер 16 мм";R1/2;"0 … 1.0";"Сжатый воздух";"0 ... +60";Полимер;NBR;Т-образный;412.95;"0 шт"
ZPB16-03P;"Цанговый штуцер 16 мм";R3/8;"0 … 1.0";"Сжатый воздух";"0 ... +60";Полимер;NBR;Т-образный;412.95;"0 шт"
ZPB14-04P;"Цанговый штуцер 14 мм";R1/2;"0 … 1.0";"Сжатый воздух";"0 ... +60";Полимер;NBR;Т-образный;390.29;"0 шт"
ZPB14-03P;"Цанговый штуцер 14 мм";R3/8;"0 … 1.0";"Сжатый воздух";"0 ... +60";Полимер;NBR;Т-образный;390.29;"0 шт"
ZPB12-04P;"Цанговый штуцер 12 мм";R1/2;"0 … 1.0";"Сжатый воздух";"0 ... +60";Полимер;NBR;Т-образный;201.30;"0 шт"
ZPB12-03P;"Цанговый штуцер 12 мм";R3/8;"0 … 1.0";"Сжатый воздух";"0 ... +60";Полимер;NBR;Т-образный;181.23;"0 шт"
ZPB12-02P;"Цанговый штуцер 12 мм";R1/4;"0 … 1.0";"Сжатый воздух";"0 ... +60";Полимер;NBR;Т-образный;169.58;"0 шт"
ZPB12-01P;"Цанговый штуцер 12 мм";R1/8;"0 … 1.0";"Сжатый воздух";"0 ... +60";Полимер;NBR;Т-образный;164.40;"0 шт"
ZPB10-04P;"Цанговый штуцер 10 мм";R1/2;"0 … 1.0";"Сжатый воздух";"0 ... +60";Полимер;NBR;Т-образный;187.06;"0 шт"
ZPB10-03P;"Цанговый штуцер 10 мм";R3/8;"0 … 1.0";"Сжатый воздух";"0 ... +60";Полимер;NBR;Т-образный;150.16;"0 шт"
ZPB10-02P;"Цанговый штуцер 10 мм";R1/4;"0 … 1.0";"Сжатый воздух";"0 ... +60";Полимер;NBR;Т-образный;133.33;"0 шт"
ZPB10-01P;"Цанговый штуцер 10 мм";R1/8;"0 … 1.0";"Сжатый воздух";"0 ... +60";Полимер;NBR;Т-образный;127.12;"0 шт"
ZPB08-04P;"Цанговый штуцер 8 мм";R1/2;"0 … 1.0";"Сжатый воздух";"0 ... +60";Полимер;NBR;Т-образный;181.23;"0 шт"
ZPB08-03P;"Цанговый штуцер 8 мм";R3/8;"0 … 1.0";"Сжатый воздух";"0 ... +60";Полимер;NBR;Т-образный;141.75;"0 шт"
ZPB06-04P;"Цанговый штуцер 6 мм";R1/2;"0 … 1.0";"Сжатый воздух";"0 ... +60";Полимер;NBR;Т-образный;172.82;"0 шт"
ZPB06-03P;"Цанговый штуцер 6 мм";R3/8;"0 … 1.0";"Сжатый воздух";"0 ... +60";Полимер;NBR;Т-образный;138.51;"0 шт"
ZPB06-02P;"Цанговый штуцер 6 мм";R1/4;"0 … 1.0";"Сжатый воздух";"0 ... +60";Полимер;NBR;Т-образный;101.88;"0 шт"
ZPB06-01P;"Цанговый штуцер 6 мм";R1/8;"0 … 1.0";"Сжатый воздух";"0 ... +60";Полимер;NBR;Т-образный;101.88;"0 шт"
ZPB06-M6;"Цанговый штуцер 6 мм";М6;"0 … 1.0";"Сжатый воздух";"0 ... +60";Полимер;NBR;Т-образный;96.05;"0 шт"
ZPB06-M5;"Цанговый штуцер 6 мм";М5;"0 … 1.0";"Сжатый воздух";"0 ... +60";Полимер;NBR;Т-образный;96.05;"0 шт"
ZPB04-02P;"Цанговый штуцер 4 мм";R1/4;"0 … 1.0";"Сжатый воздух";"0 ... +60";Полимер;NBR;Т-образный;96.05;"0 шт"
ZPB04-01P;"Цанговый штуцер 4 мм";R1/8;"0 … 1.0";"Сжатый воздух";"0 ... +60";Полимер;NBR;Т-образный;96.05;"0 шт"
ZPB04-M6;"Цанговый штуцер 4 мм";М6;"0 … 1.0";"Сжатый воздух";"0 ... +60";Полимер;NBR;Т-образный;96.05;"0 шт"
ZPD16-04P;"Цанговый штуцер 16 мм";R1/2;"0 … 1.0";"Сжатый воздух";"0 ... +60";Полимер;NBR;Т-образный;412.95;"0 шт"
ZPD16-03P;"Цанговый штуцер 16 мм";R3/8;"0 … 1.0";"Сжатый воздух";"0 ... +60";Полимер;NBR;Т-образный;412.95;"0 шт"
ZPD14-04P;"Цанговый штуцер 14 мм";R1/2;"0 … 1.0";"Сжатый воздух";"0 ... +60";Полимер;NBR;Т-образный;390.29;"0 шт"
ZPD14-03P;"Цанговый штуцер 14 мм";R3/8;"0 … 1.0";"Сжатый воздух";"0 ... +60";Полимер;NBR;Т-образный;390.29;"0 шт"
ZPD12-04P;"Цанговый штуцер 12 мм";R1/2;"0 … 1.0";"Сжатый воздух";"0 ... +60";Полимер;NBR;Т-образный;201.30;"0 шт"
ZPD12-03P;"Цанговый штуцер 12 мм";R3/8;"0 … 1.0";"Сжатый воздух";"0 ... +60";Полимер;NBR;Т-образный;181.23;"0 шт"
ZPD12-02P;"Цанговый штуцер 12 мм";R1/4;"0 … 1.0";"Сжатый воздух";"0 ... +60";Полимер;NBR;Т-образный;169.58;"0 шт"
ZPD12-01P;"Цанговый штуцер 12 мм";R1/8;"0 … 1.0";"Сжатый воздух";"0 ... +60";Полимер;NBR;Т-образный;164.40;"0 шт"
ZPD10-04P;"Цанговый штуцер 10 мм";R1/2;"0 … 1.0";"Сжатый воздух";"0 ... +60";Полимер;NBR;Т-образный;187.06;"0 шт"
ZPD10-03P;"Цанговый штуцер 10 мм";R3/8;"0 … 1.0";"Сжатый воздух";"0 ... +60";Полимер;NBR;Т-образный;150.16;"0 шт"
ZPD10-02P;"Цанговый штуцер 10 мм";R1/4;"0 … 1.0";"Сжатый воздух";"0 ... +60";Полимер;NBR;Т-образный;133.33;"0 шт"
ZPD10-01P;"Цанговый штуцер 10 мм";R1/8;"0 … 1.0";"Сжатый воздух";"0 ... +60";Полимер;NBR;Т-образный;127.12;"0 шт"
ZPD08-04P;"Цанговый штуцер 8 мм";R1/2;"0 … 1.0";"Сжатый воздух";"0 ... +60";Полимер;NBR;Т-образный;181.23;"0 шт"
ZPD08-03P;"Цанговый штуцер 8 мм";R3/8;"0 … 1.0";"Сжатый воздух";"0 ... +60";Полимер;NBR;Т-образный;141.75;"0 шт"
ZPD08-02P;"Цанговый штуцер 8 мм";R1/4;"0 … 1.0";"Сжатый воздух";"0 ... +60";Полимер;NBR;Т-образный;113.14;"0 шт"
ZPD08-01P;"Цанговый штуцер 8 мм";R1/8;"0 … 1.0";"Сжатый воздух";"0 ... +60";Полимер;NBR;Т-образный;113.14;"0 шт"
ZPD06-04P;"Цанговый штуцер 6 мм";R1/2;"0 … 1.0";"Сжатый воздух";"0 ... +60";Полимер;NBR;Т-образный;172.82;"0 шт"
ZPD06-03P;"Цанговый штуцер 6 мм";R3/8;"0 … 1.0";"Сжатый воздух";"0 ... +60";Полимер;NBR;Т-образный;138.51;"0 шт"
ZPD06-02P;"Цанговый штуцер 6 мм";R1/4;"0 … 1.0";"Сжатый воздух";"0 ... +60";Полимер;NBR;Т-образный;101.88;"0 шт"
ZPD06-01P;"Цанговый штуцер 6 мм";R1/8;"0 … 1.0";"Сжатый воздух";"0 ... +60";Полимер;NBR;Т-образный;101.88;"0 шт"
ZPD06-M6;"Цанговый штуцер 6 мм";М6;"0 … 1.0";"Сжатый воздух";"0 ... +60";Полимер;NBR;Т-образный;96.05;"0 шт"
ZPD06-M5;"Цанговый штуцер 6 мм";М5;"0 … 1.0";"Сжатый воздух";"0 ... +60";Полимер;NBR;Т-образный;96.05;"0 шт"
ZPD04-02P;"Цанговый штуцер 4 мм";R1/4;"0 … 1.0";"Сжатый воздух";"0 ... +60";Полимер;NBR;Т-образный;96.05;"0 шт"
ZPD04-01P;"Цанговый штуцер 4 мм";R1/8;"0 … 1.0";"Сжатый воздух";"0 ... +60";Полимер;NBR;Т-образный;96.05;"0 шт"
ZPD04-M6;"Цанговый штуцер 4 мм";М6;"0 … 1.0";"Сжатый воздух";"0 ... +60";Полимер;NBR;Т-образный;96.05;"0 шт"
ZPD04-M5;"Цанговый штуцер 4 мм";М5;"0 … 1.0";"Сжатый воздух";"0 ... +60";Полимер;NBR;Т-образный;96.05;"0 шт"
ZPLF16-04P;"Цанговый штуцер 16 мм";"R1/2 внутренняя";"0 … 1.0";"Сжатый воздух";"0 ... +60";Полимер;NBR;Угловой;51;"0 шт"
ZPWJ12-10;"Цанговый штуцер 12 мм";"Наружный диаметр 10мм";"0 … 1.0";"Сжатый воздух";"0 ... +60";Полимер;NBR;Y-образный;172.82;"0 шт"
ZPWJ10-08;"Цанговый штуцер 10 мм";"Наружный диаметр 8мм";"0 … 1.0";"Сжатый воздух";"0 ... +60";Полимер;NBR;Y-образный;144.34;"0 шт"
ZPWJ10-06;"Цанговый штуцер 10 мм";"Наружный диаметр 6мм";"0 … 1.0";"Сжатый воздух";"0 ... +60";Полимер;NBR;Y-образный;144.34;"0 шт"
ZPWJ08-06;"Цанговый штуцер 8 мм";"Наружный диаметр 6мм";"0 … 1.0";"Сжатый воздух";"0 ... +60";Полимер;NBR;Y-образный;138.51;"0 шт"
ZPKB08-03P;"Цанговый штуцер 8 мм";R3/8;"0 … 1.0";"Сжатый воздух";"0 ... +60";Полимер;NBR;Многоотводный;299.68;"0 шт"
ZPKB08-02P;"Цанговый штуцер 8 мм";R1/4;"0 … 1.0";"Сжатый воздух";"0 ... +60";Полимер;NBR;Многоотводный;288.03;"0 шт"
ZPKB08-01P;"Цанговый штуцер 8 мм";R1/8;"0 … 1.0";"Сжатый воздух";"0 ... +60";Полимер;NBR;Многоотводный;286.09;"0 шт"
ZPKB06-03P;"Цанговый штуцер 6 мм";R3/8;"0 … 1.0";"Сжатый воздух";"0 ... +60";Полимер;NBR;Многоотводный;286.09;"0 шт"
ZPKB06-02P;"Цанговый штуцер 6 мм";R1/4;"0 … 1.0";"Сжатый воздух";"0 ... +60";Полимер;NBR;Многоотводный;271.20;"0 шт"
ZPKB06-01P;"Цанговый штуцер 6 мм";R1/8;"0 … 1.0";"Сжатый воздух";"0 ... +60";Полимер;NBR;Многоотводный;262.79;"0 шт"
ZPMF12-04P;"Цанговый штуцер 12 мм";"R1/2 внутренняя";"0 … 1.0";"Сжатый воздух";"0 ... +60";Латунь;NBR;Прямой;328.16;"0 шт"
ZPMF12-03P;"Цанговый штуцер 12 мм";"R3/8 внутренняя";"0 … 1.0";"Сжатый воздух";"0 ... +60";Латунь;NBR;Прямой;220.71;"0 шт"
ZPMF12-02P;"Цанговый штуцер 12 мм";"R1/4 внутренняя";"0 … 1.0";"Сжатый воздух";"0 ... +60";Латунь;NBR;Прямой;164.40;"0 шт"
ZPMF12-01P;"Цанговый штуцер 12 мм";"R1/8 внутренняя";"0 … 1.0";"Сжатый воздух";"0 ... +60";Латунь;NBR;Прямой;198.06;"0 шт"
ZPMF10-04P;"Цанговый штуцер 10 мм";"R1/2 внутренняя";"0 … 1.0";"Сжатый воздух";"0 ... +60";Латунь;NBR;Прямой;313.92;"0 шт"
ZPMF10-03P;"Цанговый штуцер 10 мм";"R3/8 внутренняя";"0 … 1.0";"Сжатый воздух";"0 ... +60";Латунь;NBR;Прямой;299.68;"0 шт"
ZPMF10-02P;"Цанговый штуцер 10 мм";"R1/4 внутренняя";"0 … 1.0";"Сжатый воздух";"0 ... +60";Латунь;NBR;Прямой;178;"0 шт"
ZPMF10-01P;"Цанговый штуцер 10 мм";"R1/8 внутренняя";"0 … 1.0";"Сжатый воздух";"0 ... +60";Латунь;NBR;Прямой;198.06;"0 шт"
ZPMF08-04P;"Цанговый штуцер 8 мм";"R1/2 внутренняя";"0 … 1.0";"Сжатый воздух";"0 ... +60";Латунь;NBR;Прямой;308.09;"0 шт"
ZPMF08-03P;"Цанговый штуцер 8 мм";"R3/8 внутренняя";"0 … 1.0";"Сжатый воздух";"0 ... +60";Латунь;NBR;Прямой;214.89;"0 шт"
ZPMF08-02P;"Цанговый штуцер 8 мм";"R1/4 внутренняя";"0 … 1.0";"Сжатый воздух";"0 ... +60";Латунь;NBR;Прямой;308.09;"0 шт"
ZPMF08-01P;"Цанговый штуцер 8 мм";"R1/8 внутренняя";"0 … 1.0";"Сжатый воздух";"0 ... +60";Латунь;NBR;Прямой;299.68;"0 шт"
ZPMF06-04P;"Цанговый штуцер 6 мм";"R1/2 внутренняя";"0 … 1.0";"Сжатый воздух";"0 ... +60";Латунь;NBR;Прямой;308.09;"0 шт"
ZPMF06-03P;"Цанговый штуцер 6 мм";"R3/8 внутренняя";"0 … 1.0";"Сжатый воздух";"0 ... +60";Латунь;NBR;Прямой;192.88;"0 шт"
ZPMF06-02P;"Цанговый штуцер 6 мм";"R1/4 внутренняя";"0 … 1.0";"Сжатый воздух";"0 ... +60";Латунь;NBR;Прямой;146.93;"0 шт"
ZPMF06-01P;"Цанговый штуцер 6 мм";"R1/8 внутренняя";"0 … 1.0";"Сжатый воздух";"0 ... +60";Латунь;NBR;Прямой;133.33;"0 шт"
ZPMF06-M6;"Цанговый штуцер 6 мм";"М6 внутренняя";"0 … 1.0";"Сжатый воздух";"0 ... +60";Латунь;NBR;Прямой;134.63;"0 шт"
ZPMF06-M5;"Цанговый штуцер 6 мм";"М5 внутренняя";"0 … 1.0";"Сжатый воздух";"0 ... +60";Латунь;NBR;Прямой;133.33;"0 шт"
ZPMF04-02P;"Цанговый штуцер 4 мм";"R1/4 внутренняя";"0 … 1.0";"Сжатый воздух";"0 ... +60";Латунь;NBR;Прямой;158.58;"0 шт"
ZPMF04-01P;"Цанговый штуцер 4 мм";"R1/8 внутренняя";"0 … 1.0";"Сжатый воздух";"0 ... +60";Латунь;NBR;Прямой;113.14;"0 шт"
ZPMF04-M6;"Цанговый штуцер 4 мм";"М6 внутренняя";"0 … 1.0";"Сжатый воздух";"0 ... +60";Латунь;NBR;Прямой;127.12;"0 шт"
ZPMF04-M5;"Цанговый штуцер 4 мм";"М5 внутренняя";"0 … 1.0";"Сжатый воздух";"0 ... +60";Латунь;NBR;Прямой;127.12;"0 шт"
ZPHF12-04P;"Цанговый штуцер 12 мм";R1/2;"0 … 1.0";"Сжатый воздух";"0 ... +60";Полимер;NBR;Угловой;305.50;"0 шт"
ZPHF12-03P;"Цанговый штуцер 12 мм";R3/8;"0 … 1.0";"Сжатый воздух";"0 ... +60";Полимер;NBR;Угловой;201.30;"0 шт"
ZPHF12-02P;"Цанговый штуцер 12 мм";R1/4;"0 … 1.0";"Сжатый воздух";"0 ... +60";Полимер;NBR;Угловой;152.75;"0 шт"
ZPHF10-04P;"Цанговый штуцер 10 мм";R1/2;"0 … 1.0";"Сжатый воздух";"0 ... +60";Полимер;NBR;Угловой;344.99;"0 шт"
ZPHF10-03P;"Цанговый штуцер 10 мм";R3/8;"0 … 1.0";"Сжатый воздух";"0 ... +60";Полимер;NBR;Угловой;209.06;"0 шт"
ZPHF10-02P;"Цанговый штуцер 10 мм";R1/4;"0 … 1.0";"Сжатый воздух";"0 ... +60";Полимер;NBR;Угловой;155.99;"0 шт"
ZPHF10-01P;"Цанговый штуцер 10 мм";R1/8;"0 … 1.0";"Сжатый воздух";"0 ... +60";Полимер;NBR;Угловой;189.65;"0 шт"
ZPHF08-04P;"Цанговый штуцер 8 мм";R1/2;"0 … 1.0";"Сжатый воздух";"0 ... +60";Полимер;NBR;Угловой;339.16;"0 шт"
ZPHF08-03P;"Цанговый штуцер 8 мм";R3/8;"0 … 1.0";"Сжатый воздух";"0 ... +60";Полимер;NBR;Угловой;198.06;"0 шт"
ZPHF08-02P;"Цанговый штуцер 8 мм";R1/4;"0 … 1.0";"Сжатый воздух";"0 ... +60";Полимер;NBR;Угловой;155.99;"0 шт"
ZPHF06-04P;"Цанговый штуцер 6 мм";R1/2;"0 … 1.0";"Сжатый воздух";"0 ... +60";Полимер;NBR;Угловой;333.98;"0 шт"
ZPHF06-03P;"Цанговый штуцер 6 мм";R3/8;"0 … 1.0";"Сжатый воздух";"0 ... +60";Полимер;NBR;Угловой;198.06;"0 шт"
ZPHF06-02P;"Цанговый штуцер 6 мм";R1/4;"0 … 1.0";"Сжатый воздух";"0 ... +60";Полимер;NBR;Угловой;150.16;"0 шт"
ZPHF06-01P;"Цанговый штуцер 6 мм";R1/8;"0 … 1.0";"Сжатый воздух";"0 ... +60";Полимер;NBR;Угловой;135.92;"0 шт"
ZPHF06-M6;"Цанговый штуцер 6 мм";М6;"0 … 1.0";"Сжатый воздух";"0 ... +60";Полимер;NBR;Угловой;138.51;"0 шт"
ZPHF04-02P;"Цанговый штуцер 4 мм";R1/4;"0 … 1.0";"Сжатый воздух";"0 ... +60";Полимер;NBR;Угловой;164.40;"0 шт"
ZPHF04-01P;"Цанговый штуцер 4 мм";R1/8;"0 … 1.0";"Сжатый воздух";"0 ... +60";Полимер;NBR;Угловой;138.51;"0 шт"
ZPHF04-M6;"Цанговый штуцер 4 мм";М6;"0 … 1.0";"Сжатый воздух";"0 ... +60";Полимер;NBR;Угловой;138.51;"0 шт"
ZPHF04-M5;"Цанговый штуцер 4 мм";М5;"0 … 1.0";"Сжатый воздух";"0 ... +60";Полимер;NBR;Угловой;138.51;"0 шт"
ZPH12-04P;"Цанговый штуцер 12 мм";R1/2;"0 … 1.0";"Сжатый воздух";"0 ... +60";Полимер;NBR;Угловой;286.09;"0 шт"
ZPH12-03P;"Цанговый штуцер 12 мм";R3/8;"0 … 1.0";"Сжатый воздух";"0 ... +60";Полимер;NBR;Угловой;245.96;"0 шт"
ZPH12-01P;"Цанговый штуцер 12 мм";R1/8;"0 … 1.0";"Сжатый воздух";"0 ... +60";Полимер;NBR;Угловой;279.61;"0 шт"
ZPH10-04P;"Цанговый штуцер 10 мм";R1/2;"0 … 1.0";"Сжатый воздух";"0 ... +60";Полимер;NBR;Угловой;279.61;"0 шт"
ZPH10-03P;"Цанговый штуцер 10 мм";R3/8;"0 … 1.0";"Сжатый воздух";"0 ... +60";Полимер;NBR;Угловой;209.06;"0 шт"
ZPH10-02P;"Цанговый штуцер 10 мм";R1/4;"0 … 1.0";"Сжатый воздух";"0 ... +60";Полимер;NBR;Угловой;206.47;"0 шт"
ZPH10-01P;"Цанговый штуцер 10 мм";R1/8;"0 … 1.0";"Сжатый воздух";"0 ... +60";Полимер;NBR;Угловой;206.47;"0 шт"
ZPH08-04P;"Цанговый штуцер 8 мм";R1/2;"0 … 1.0";"Сжатый воздух";"0 ... +60";Полимер;NBR;Угловой;268.61;"0 шт"
ZPH08-03P;"Цанговый штуцер 8 мм";R3/8;"0 … 1.0";"Сжатый воздух";"0 ... +60";Полимер;NBR;Угловой;201.30;"0 шт"
ZPH08-02P;"Цанговый штуцер 8 мм";R1/4;"0 … 1.0";"Сжатый воздух";"0 ... +60";Полимер;NBR;Угловой;178;"0 шт"
ZPH08-01P;"Цанговый штуцер 8 мм";R1/8;"0 … 1.0";"Сжатый воздух";"0 ... +60";Полимер;NBR;Угловой;164.40;"0 шт"
ZPH06-04P;"Цанговый штуцер 6 мм";R1/2;"0 … 1.0";"Сжатый воздух";"0 ... +60";Полимер;NBR;Угловой;268.61;"0 шт"
ZPH06-03P;"Цанговый штуцер 6 мм";R3/8;"0 … 1.0";"Сжатый воздух";"0 ... +60";Полимер;NBR;Угловой;203.24;"0 шт"
ZPH06-02P;"Цанговый штуцер 6 мм";R1/4;"0 … 1.0";"Сжатый воздух";"0 ... +60";Полимер;NBR;Угловой;178;"0 шт"
ZPH06-01P;"Цанговый штуцер 6 мм";R1/8;"0 … 1.0";"Сжатый воздух";"0 ... +60";Полимер;NBR;Угловой;164.40;"0 шт"
ZPH06-M6;"Цанговый штуцер 6 мм";М6;"0 … 1.0";"Сжатый воздух";"0 ... +60";Полимер;NBR;Угловой;155.99;"0 шт"
ZPH04-02P;"Цанговый штуцер 4 мм";R1/4;"0 … 1.0";"Сжатый воздух";"0 ... +60";Полимер;NBR;Угловой;155.99;"0 шт"
ZPH04-01P;"Цанговый штуцер 4 мм";R1/8;"0 … 1.0";"Сжатый воздух";"0 ... +60";Полимер;NBR;Угловой;144.34;"0 шт"
ZPH04-M6;"Цанговый штуцер 4 мм";М6;"0 … 1.0";"Сжатый воздух";"0 ... +60";Полимер;NBR;Угловой;144.34;"0 шт"
ZPWT16-04P;"Цанговый штуцер 16 мм";R1/2;"0 … 1.0";"Сжатый воздух";"0 ... +60";Полимер;NBR;Y-образный;412.95;"0 шт"
ZPWT16-03P;"Цанговый штуцер 16 мм";R3/8;"0 … 1.0";"Сжатый воздух";"0 ... +60";Полимер;NBR;Y-образный;412.95;"0 шт"
ZPWT14-04P;"Цанговый штуцер 14 мм";R1/2;"0 … 1.0";"Сжатый воздух";"0 ... +60";Полимер;NBR;Y-образный;390.29;"0 шт"
ZPWT14-03P;"Цанговый штуцер 14 мм";R3/8;"0 … 1.0";"Сжатый воздух";"0 ... +60";Полимер;NBR;Y-образный;390.29;"0 шт"
ZPWT12-03P;"Цанговый штуцер 12 мм";R3/8;"0 … 1.0";"Сжатый воздух";"0 ... +60";Полимер;NBR;Y-образный;181.23;"0 шт"
ZPWT12-02P;"Цанговый штуцер 12 мм";R1/4;"0 … 1.0";"Сжатый воздух";"0 ... +60";Полимер;NBR;Y-образный;169.58;"0 шт"
ZPWT12-01P;"Цанговый штуцер 12 мм";R1/8;"0 … 1.0";"Сжатый воздух";"0 ... +60";Полимер;NBR;Y-образный;164.40;"0 шт"
ZPWT10-04P;"Цанговый штуцер 10 мм";R1/2;"0 … 1.0";"Сжатый воздух";"0 ... +60";Полимер;NBR;Y-образный;187.06;"0 шт"
ZPWT10-03P;"Цанговый штуцер 10 мм";R3/8;"0 … 1.0";"Сжатый воздух";"0 ... +60";Полимер;NBR;Y-образный;150.16;"0 шт"
ZPWT10-02P;"Цанговый штуцер 10 мм";R1/4;"0 … 1.0";"Сжатый воздух";"0 ... +60";Полимер;NBR;Y-образный;133.33;"0 шт"
ZPWT10-01P;"Цанговый штуцер 10 мм";R1/8;"0 … 1.0";"Сжатый воздух";"0 ... +60";Полимер;NBR;Y-образный;127.12;"0 шт"
ZPWT08-04P;"Цанговый штуцер 8 мм";R1/2;"0 … 1.0";"Сжатый воздух";"0 ... +60";Полимер;NBR;Y-образный;181.23;"0 шт"
ZPB06-M5C;"Цанговый штуцер 6 мм";М5;"0 … 1.0";"Сжатый воздух";"0 ... +60";Полимер;NBR;Т-образный;257.61;"0 шт"
ZPWJ12-08;"Цанговый штуцер 12 мм";"Наружный диаметр 8мм";"0 … 1.0";"Сжатый воздух";"0 ... +60";Полимер;NBR;Y-образный;172.82;"0 шт"
ZPL16-02P;"Цанговый штуцер 16 мм";R1/4;"0 … 1.0";"Сжатый воздух";"0 ... +60";Полимер;NBR;Угловой;404.53;"0 шт"
ZPW12-08;"Цанговый штуцер 12 мм";"Цанговый штуцер 8 мм";"0 … 1.0";"Сжатый воздух";"0 ... +60";Полимер;NBR;Y-образный;166.99;"0 шт"
ZPLL04-M5C;"Цанговый штуцер 4 мм";М5;"0 … 1.0";"Сжатый воздух";"0 ... +60";Полимер;NBR;Угловой;242.72;"0 шт"
ZPC06-M5C;"Цанговый штуцер 6 мм";М5;"0 … 1.0";"Сжатый воздух";"0 ... +60";Латунь;NBR;Прямой;172.17;"0 шт"
